,All Rewards
0,-119.73511669967255
1,52.95298433737307
2,-500.11670249046745
3,-171.006069393372
4,-126.24623626238883
5,-204.2872606020587
6,-271.93052617362207
7,-153.98327882501127
8,-249.1657468366162
9,-294.1725777457897
10,-278.66336459229103
11,-91.8229627469618
12,-435.5026421967375
13,-167.58060968725198
14,-203.68188115382316
15,-138.63553274086215
16,-149.93662758456674
17,-16.982081244822183
18,-114.62073349462312
19,-249.60478704780772
20,-508.10646173474834
21,-313.3124869523649
22,-128.9071612883727
23,-135.590123937167
24,-159.43301385087676
25,-391.4402053537152
26,-173.04719504852548
27,-86.57648560477048
28,-194.5754912941897
29,-375.2519015256414
30,-302.6324930048414
31,-119.34234973574193
32,-7.157430735626676
33,-628.7625380882871
34,-518.9211500462052
35,-587.862696463277
36,-79.6564832688527
37,-103.94448260433212
38,-200.19179840606944
39,-116.3459500032967
40,-197.42150091022876
41,-20.90685667602395
42,-84.98611524466462
43,-161.86326739442455
44,-126.34818808150305
45,-567.567334162754
46,-381.27943123825804
47,-481.55387998235153
48,35.271667007465766
49,-477.2341900747596
50,5.760474502202328
51,-37.29880382374165
52,-17.067852641377044
53,-190.49130718490983
54,-355.5596912019365
55,-7.853360131966966
56,-3.058937266677063
57,-5.4841218284072255
58,-311.9598375498036
59,-483.1119487088617
60,-257.37878627774
61,-122.0393826102113
62,-215.13724501813425
63,-247.07580777576402
64,-429.473291361143
65,-402.2405123564728
66,-139.52749932200197
67,-398.47836223660477
68,-40.41049536629254
69,-131.2649826752675
70,-223.2904454845159
71,-17.535461110266098
72,-387.3383305978074
73,-383.5830870516984
74,-440.0968436934649
75,-467.0893512602932
76,-252.163977936291
77,-124.66693691265425
78,-280.22702593202064
79,-229.13301891023718
80,-164.42496095536788
81,-50.513372374490764
82,-190.70246922147112
83,-106.8143210579557
84,-406.7116757264283
85,-258.6661725378943
86,-321.55136736296635
87,-218.3929405750774
88,-138.55185613977437
89,-119.19762101123078
90,-230.33338928462786
91,-632.6802891331416
92,-80.81468208700963
93,-64.81798313695883
94,-168.07720270382205
95,-66.06882713734859
96,-127.62362446860504
97,-56.580414285933145
98,-205.32726705186275
99,13.750982102874787
100,-13.702399944552141
101,-41.99726821110556
102,-68.9797853021382
103,41.121461881931424
104,-259.02286156349766
105,-45.24814634152803
106,-36.776041101354615
107,10.118234890366253
108,-110.3318338924093
109,0.41683674394712966
110,-160.01144634336046
111,-211.40658629319262
112,-156.7844892220909
113,-117.90872669746193
114,43.47298725819479
115,-31.21355113225485
116,-20.8877555852048
117,-173.8921754531894
118,-56.585521023674985
119,-14.926347935747998
120,-18.24612196735528
121,-72.38987237351148
122,-115.81779202538955
123,-50.34006198105055
124,-28.569277585309706
125,-111.84229058167067
126,-144.32991830361843
127,-171.98680287381922
128,-127.63952524561118
129,-142.1749108343919
130,-179.26148190028312
131,-152.28039861023626
132,179.35234084276453
133,-100.38133790260132
134,-39.142430108068496
135,-142.4799153956045
136,-194.99130920957214
137,-137.43381910134931
138,-157.80751367719893
139,-192.4557388235998
140,-218.12345487569013
141,-96.36362795119226
142,-185.5998913787335
143,-137.96123308629976
144,-196.02804657502298
145,-293.08789607919584
146,-169.04387662333977
147,-118.88926272228923
148,140.28730113048846
149,-70.43413218887322
150,-17.34695544215225
151,-78.90147907886616
152,-141.59832098240642
153,-152.09059109050548
154,-303.60350730343566
155,-132.73248108829662
156,-37.05600955827755
157,-149.12862332456348
158,-210.86545965572628
159,-105.83855600505657
160,-96.96466257063143
161,-70.81346607285829
162,-75.21335595331756
163,-127.04436347547738
164,-102.95113343933646
165,-150.71146865437217
166,-235.7457573880313
167,-157.61453426427138
168,128.05397834500354
169,69.09518643827887
170,-92.21089090374711
171,-214.7273659195891
172,-212.72109446632612
173,-138.40487836088494
174,-116.9051839281862
175,-10.916406140698179
176,-257.25909481374606
177,-120.84156571861777
178,-109.49375996995795
179,-89.79606497282967
180,-137.76393659174556
181,42.513621069241864
182,-216.7527329094209
183,75.14778567406019
184,89.18702350880801
185,97.52327405865911
186,-23.79349548204884
187,96.49329688640495
188,83.96197922883202
189,90.63639254052386
190,-27.624148673634465
191,89.19492443056303
192,69.30772416355255
193,63.63628998400801
194,-32.37366236957203
195,108.04911293416164
196,64.90646411624519
197,18.651399039309158
198,76.43190028664539
199,84.85863991359929
200,55.606237717672926
201,88.53268016400988
202,116.8593909031178
203,-48.26232033891364
204,63.956863328415515
205,84.63467460242978
206,-67.86380822127893
207,90.88770286763378
208,62.679698371383445
209,105.24920340835358
210,90.67857371305868
211,9.420482776353523
212,90.2400406309137
213,-40.81574105316653
214,-53.445791333678315
215,93.75706832465394
216,128.08497814349505
217,44.06414223152669
218,91.93437194729447
219,19.027542397157582
220,112.13255054933695
221,64.50421547560775
222,74.6666051672262
223,68.55306458993766
224,98.73402020079735
225,100.42298688202655
226,-96.12723022426886
227,115.23892719942373
228,134.6030306855748
229,-24.534335999874656
230,-7.825978937352744
231,82.27800217628204
232,78.69808643206105
233,89.86386045063179
234,-22.095441650817648
235,77.41025306168295
236,86.0234475534823
237,59.31537727536856
238,81.25556116782592
239,-8.378041762834414
240,67.15923441943646
241,101.40423683285061
242,84.31619907989545
243,81.50464008771976
244,-10.444488955962754
245,-61.85516039867922
246,42.76867322552074
247,69.78352695949675
248,137.4304446196482
249,-82.2577737779745
250,-76.47925311906573
251,-78.1680412026261
252,67.6835355683355
253,67.95576146950688
254,-25.82662910316627
255,63.834301055290446
256,-38.19756035023824
257,90.0156390451075
258,102.07621003000503
259,-56.16620345699788
260,67.4234602328695
261,59.429108821227274
262,-3.884760114832801
263,-68.33484392501924
264,100.279096147962
265,-73.621563416736
266,-21.468571702021947
267,51.6258854921362
268,-60.53098040357192
269,-43.23330288057353
270,85.17729170034433
271,-38.993684526595246
272,36.50748292846794
273,170.55395143610272
274,67.75984207738105
275,72.72562818997066
276,73.81375421084495
277,54.98772931509121
278,50.17820471655705
279,23.844200257053235
280,129.61873734204454
281,-47.24671744562403
282,96.41779038156199
283,67.86733431724896
284,19.185252178126444
285,-74.08167861620056
286,40.31407021958135
287,137.48454646723295
288,-146.0373113485803
289,36.11618576642352
290,-11.13370097089358
291,45.982579022380406
292,51.7292870530886
293,51.25494669913337
294,-93.45025281071545
295,154.145768582566
296,-76.3275133035119
297,22.228277375844833
298,-4.670963863477072
299,-27.60763573378729
300,81.42073617540555
301,26.711935333867082
302,53.57242071650867
303,-84.95285215198378
304,-47.76890942289983
305,70.65185000775068
306,142.79020729480573
307,46.665818278398206
308,-102.09295324441977
309,-87.46451694422959
310,-64.27420870805301
311,152.88127640053006
312,104.7808057598053
313,-94.29464209142388
314,-121.45046556522738
315,-72.29153379007141
316,64.79001823458765
317,8.82138665929917
318,43.510051326422676
319,47.473604896335665
320,19.896185801546785
321,-143.3801538702072
322,111.00207814021422
323,98.67769737243316
324,-64.02339431099978
325,-100.32192220154474
326,-111.92272204444552
327,101.5554023661178
328,-160.44966666751031
329,80.42197747283696
330,108.79614395305143
331,-85.17942052471795
332,24.73306736283413
333,101.0715429644495
334,62.84901835647944
335,113.03539188223766
336,83.18007807999815
337,90.1356488804585
338,109.94064071994201
339,108.99721888733322
340,98.28745024630165
341,144.68304626870227
342,149.4177897780307
343,-163.688639572781
344,-126.29602308122588
345,-143.02194629080515
346,89.95670712187085
347,78.57763678340291
348,59.710085401241315
349,-117.8887454295607
350,-212.63655001055298
351,-176.27771581330143
352,-94.21485885082315
353,-46.75370498473292
354,207.63062893695957
355,119.44988123868696
356,228.42174796508036
357,100.85803424816118
358,80.99697023748843
359,121.1009883582835
360,-125.80834056057256
361,-164.6923621544186
362,-55.7193159593257
363,168.10886063946938
364,145.05318885287866
365,156.31229596029794
366,185.70365475995544
367,148.8727156022674
368,94.67748118685587
369,67.71823357993479
370,-27.162342122653484
371,63.16523591447563
372,207.72208234806988
373,19.260700273218774
374,15.652603229220441
375,35.62098741836703
376,50.78539823219532
377,52.06329655264614
378,33.7910755262748
379,84.60098045184566
380,195.92871185618543
381,80.59304536573087
382,29.935309789412305
383,100.3414507483786
384,140.7111537267511
385,182.6551918385588
386,98.23793668702992
387,119.28155927153458
388,40.10484404530399
389,172.1990334567748
390,-58.263477401009354
391,151.49763225713266
392,-66.32696915047484
393,174.35711229457047
394,147.46359898704858
395,-47.70075441115519
396,0.7496467197180985
397,133.08264635805187
398,171.52374986039055
399,152.35239913453515
400,-100.0247012167018
401,195.40320157152445
402,-60.18330561144887
403,95.47863032990512
404,-111.70593328746774
405,-41.63979590999699
406,184.7870477970506
407,-137.59174874691055
408,144.20817545512645
409,-125.18229418767086
410,-131.8423291024923
411,-3.986456206725208
412,86.78109296388969
413,103.94720415224913
414,144.14216743735085
415,-109.5952758409568
416,138.03803201038005
417,111.02832565239878
418,178.66538258633395
419,-22.55683547892062
420,63.28149675419631
421,87.12233757270317
422,111.48049137147639
423,92.6828307113351
424,111.36104989040541
425,104.10637955028955
426,-164.59717696604926
427,94.5026283015724
428,74.62573924991524
429,169.22053646535676
430,-46.30815545450287
431,11.45597891361031
432,142.6888298210399
433,22.925896015455685
434,81.99114227035551
435,-81.89429049280471
436,48.612180825753704
437,-96.2524404930445
438,42.824905807851074
439,-84.32939207281116
440,55.46358759090188
441,152.52437419374746
442,44.92977465323074
443,96.5499185315708
444,124.94106920228363
445,121.53091409124963
446,200.15886257757256
447,-130.13016773403095
448,191.25526795735124
449,-88.6844549244373
450,69.32401416371484
451,101.8630473359934
452,50.3474584052288
453,-65.21115352011361
454,79.8753066636692
455,-42.60777351429404
456,31.601237912322908
457,-47.247116507799205
458,-108.86135253741718
459,188.1340173481492
460,168.84260799156522
461,-36.68746358888214
462,64.66311449110518
463,126.16042055944459
464,-81.73398259049604
465,-110.19490812221684
466,-93.3242612872118
467,-85.84380583532719
468,168.0390985387515
469,-58.69208151515858
470,129.4714656703333
471,55.69437625190304
472,82.06098253253185
473,-152.86525279445752
474,180.23460768020738
475,-118.58452870269792
476,-119.12867916754522
477,103.56667099810409
478,191.19514653000326
479,-130.8529375213361
480,2.484679918039613
481,233.44265521137524
482,61.6781221631065
483,-79.9811498196651
484,122.20312237566338
485,79.99095643270033
486,107.86666347097037
487,-54.440044676174026
488,36.32895407843806
489,227.1896426908959
490,-72.16849879860123
491,137.70025642965027
492,-69.55037627317199
493,124.15648033772088
494,156.84006048515545
495,141.63906734155196
496,-6.844156934407721
497,-48.00282214300428
498,115.66165944308084
499,82.73879479276476
500,-60.219091945392854
501,-94.99941116083735
502,194.0824106093168
503,187.68790154783835
504,110.61499116073814
505,93.80684107888048
506,-28.111794979857976
507,-7.461187735897587
508,84.20332325390311
509,155.34390080928492
510,58.318983212978104
511,-29.477773184505878
512,65.0527688069498
513,-83.6175177535402
514,75.75927703945085
515,-56.41030899357793
516,-13.731691974596416
517,67.72094065814385
518,67.89471197999703
519,25.415003983562144
520,-59.735050211920864
521,81.1357165442139
522,-113.4071088907136
523,-88.28949416187486
524,80.51890545818009
525,70.07655410459839
526,-94.54438662221396
527,-86.84194721221462
528,-89.77797022872745
529,-116.01221123390204
530,-119.56929057636138
531,145.885695972139
532,187.49589632359354
533,135.51930557476962
534,116.7880532679764
535,-133.89121199260703
536,68.54512735082791
537,81.58777190608512
538,-29.459028509405158
539,-47.28820669745086
540,206.5698074499893
541,-78.88612876680816
542,-54.987452288958515
543,67.73891285374805
544,-53.182806652265896
545,33.044094216432924
546,-96.33548250397152
547,121.62210858966836
548,-40.62578376250774
549,-87.04638039706575
550,140.6877077364873
551,154.042512558151
552,153.21818703497746
553,-48.33171201702662
554,-64.34730241467828
555,-133.0512413992754
556,-80.15471126497918
557,98.34681523895696
558,-85.45386339480568
559,48.41141740897954
560,153.1831110480367
561,62.180571704687814
562,52.801644541621535
563,82.8615375816926
564,75.6256754109347
565,28.02889065294761
566,64.3755708025399
567,127.36669228947571
568,-143.20552505316985
569,-89.75970038082517
570,129.85211346790484
571,68.54120965507765
572,83.33863948695333
573,-130.33377383119608
574,65.75787574414561
575,-35.327702033349865
576,192.1023491351225
577,70.32542271877199
578,-60.44952050523875
579,-5.80039202949078
580,22.686890534671527
581,61.46926855554887
582,-29.126243015285468
583,67.61871701044515
584,-81.61469392091655
585,1.926255658833469
586,48.03006073242137
587,149.7730519232773
588,47.38309886478774
589,184.45027556850505
590,55.459735892449174
591,171.63647869922653
592,54.2787594638463
593,-40.891024045601355
594,117.50978809032954
595,9.77676531461651
596,61.94585569306435
597,199.07825682809792
598,-107.77768438352221
599,-131.16863923895323
600,120.78034861435037
601,72.99668024498831
602,-1.6404190128183513
603,86.13631928151621
604,-79.7389559817421
605,66.42516411109412
606,49.63941891680362
607,202.68747442560897
608,155.53719181015913
609,91.53973858043773
610,193.2549933391795
611,85.3595941308099
612,64.49420147431772
613,85.86832978544761
614,183.758938794909
615,82.95603999462347
616,153.90987410960932
617,73.23404638723231
618,56.463092026771605
619,-56.58799716093509
620,-65.76325167491149
621,89.66849097783413
622,-22.304106376644768
623,-33.72179843124496
624,130.13603012007854
625,148.18603645502662
626,84.24493054346334
627,187.1905405269885
628,168.41654954910217
629,191.9766749306437
630,191.65757693502664
631,-50.1034657674671
632,90.52843696383889
633,73.1418406933848
634,231.88930612060636
635,16.430238711583925
636,194.47349845662927
637,108.37792601515198
638,177.65693854621577
639,112.95064683496658
640,66.26279735500094
641,19.575073928132227
642,65.77478992593556
643,51.9639967533213
644,182.188040815455
645,-32.06870988690932
646,112.21042785828692
647,11.18683587914451
648,159.17543332465164
649,-39.89150843070075
650,177.3805216590085
651,198.23296552146203
652,89.82553101075412
653,107.57099693349278
654,91.23825919781649
655,-29.641298454284282
656,71.45752788757491
657,-42.191458519308114
658,216.99576151197556
659,111.46299049927478
660,86.88496549146836
661,83.59780465749607
662,96.99385509155987
663,63.49430755742796
664,96.73011103668019
665,-26.674882740872107
666,116.34559115319055
667,-47.815397976087354
668,95.73046522204064
669,-0.3923159878913651
670,-46.81216757482531
671,88.31937538221356
672,213.13548947826416
673,186.7250201555126
674,97.16629590659505
675,124.20982256510493
676,200.33040638667165
677,113.26285554199309
678,165.75388192135722
679,187.0988097387777
680,104.80845963549403
681,-30.270105783612806
682,183.84102020468202
683,99.74361908805395
684,108.54267102168549
685,172.2972855930395
686,-87.50141246456407
687,-59.41971827847672
688,87.24749691080001
689,-41.60413024227552
690,85.49115095910581
691,77.17948728828884
692,-44.019358368746296
693,246.46985166141764
694,106.36729807618876
695,209.70456435376065
696,183.92928843166038
697,83.8655344073187
698,59.80785921103339
699,175.86925162147622
700,190.58062658355703
701,-83.22052616785122
702,-43.54464439482429
703,-43.180150329759485
704,190.7989614599411
705,-63.8270491526184
706,194.03667963748256
707,56.3697196170888
708,-107.34995124841323
709,117.96946818931615
710,-60.672511015088915
711,186.40611297057106
712,90.01637369678755
713,8.963833752095338
714,39.25788407726429
715,-56.081933314557205
716,24.478618587729333
717,-14.768803060951313
718,182.44675768298066
719,205.2965225143913
720,83.17076145734862
721,94.4337794890027
722,73.22527432339807
723,78.20463384533409
724,24.813755314777463
725,111.64000426866667
726,194.1197975622745
727,85.3749109719927
728,175.90965558758518
729,205.23445725444958
730,195.37780389900706
731,52.92183149238514
732,-22.17050476934176
733,219.95472432972355
734,111.69817527432048
735,70.0522631961791
736,88.7294131787251
737,84.68266542309112
738,193.0752769369828
739,53.47627590747507
740,175.72403012855517
741,-89.50706179647634
742,88.04521799334117
743,96.59112091849931
744,99.09658933717432
745,91.34182324704042
746,71.59056062860573
747,110.7145934666648
748,188.59830449428404
749,88.87578016650178
750,90.6648439656944
751,101.02536151544037
752,57.099226039322765
753,98.20445331049626
754,86.86592848919747
755,104.0352248951048
756,78.56615123715895
757,151.71767668112557
758,86.9276342208116
759,62.84473282650743
760,100.54937314224871
761,85.69202641975349
762,113.96493985511214
763,180.56366903417714
764,112.33355108943607
765,105.80341911799887
766,105.67467635891451
767,104.36081756021845
768,84.6369712975057
769,127.34077031150096
770,119.01033234845892
771,114.83483438225406
772,119.407335841393
773,113.56803234639482
774,117.61335893757344
775,118.04992819046734
776,198.76609262031772
777,-39.332624290297446
778,127.61033660928102
779,127.91875202923345
780,119.27728688337407
781,115.31930006488585
782,222.90122721178335
783,117.08528379601263
784,-14.109156161442755
785,84.88749820368483
786,98.34902219694476
787,90.96714704052269
788,96.35627030781009
789,92.41340589566036
790,109.09499210860588
791,206.1251778697353
792,99.4919205284032
793,218.22116596267884
794,92.5507152115373
795,112.66393860499264
796,226.12441404325276
797,88.11067382629572
798,104.34090748262729
799,83.94412662393033
800,130.99663423687457
801,95.0718783296726
802,98.88785037014344
803,93.47191035977747
804,160.849317618609
805,-34.5074193672493
806,80.3356530380192
807,145.97051142835102
808,-42.93338957707391
809,132.89548509958385
810,111.08933206765525
811,148.76904027063077
812,109.92887585174276
813,152.99913778575953
814,132.99307388523377
815,120.00149587219697
816,130.22540040915217
817,105.66642327731589
818,113.15036771198965
819,155.0588529682108
820,132.47605032635616
821,126.57620202195898
822,121.23656597249891
823,120.59907828107262
824,79.44562342403938
825,106.58973035058715
826,137.8138979855588
827,130.85461875876206
828,119.55227125117918
829,122.04513317015272
830,167.45665138978012
831,257.4546122065637
832,198.2343182386498
833,166.20168809266653
834,200.118674893863
835,252.13344218055227
836,-41.02754225840364
837,218.3010779372089
838,255.68868260338084
839,247.0676711268602
840,224.56694080438172
841,50.41403223422789
842,229.28873092534377
843,20.557530092228262
844,150.33401488946498
845,242.09703799465223
846,228.58025190004173
847,195.47134067114274
848,209.6651598196987
849,255.76610472234762
850,-52.850018935139346
851,239.75294107604995
852,244.94796477187748
853,152.1981077449874
854,223.1092283773067
855,90.37837990689809
856,126.56174944840431
857,238.10018754350298
858,269.0843332925082
859,239.43639115812084
860,238.95941661696844
861,243.9767428375055
862,270.6251708807304
863,153.95570146388684
864,222.6028330325087
865,51.372950512124014
866,156.80205058029946
867,209.2339865257988
868,245.79514072260832
869,217.44296534525665
870,257.80755385640816
871,196.53278532522296
872,-51.330114853744874
873,154.71609425572385
874,199.08274660961564
875,243.89291100006034
876,263.38058007626137
877,215.62820299087485
878,-32.92585765941509
879,142.16889205650403
880,-50.58359261794067
881,238.2084117886531
882,225.66833107394575
883,223.1585497160272
884,232.02338283570188
885,255.07007914641238
886,247.41931116845288
887,242.64025110162694
888,61.99487245042319
889,124.75437228562483
890,105.45313142415219
891,173.03088558484723
892,175.46039954393459
893,243.87667252155765
894,241.02476169869658
895,222.9583367214925
896,216.68206907238465
897,106.92526291782525
898,269.23372924220814
899,285.3051632365235
900,-47.32063998057558
901,216.58519083822404
902,251.87019419541116
903,219.4915937439814
904,116.30723410241478
905,269.6463683536831
906,264.207864174358
907,243.2012689084923
908,-2.552797550818866
909,223.95857727686945
910,177.53799029293984
911,174.50975601996885
912,235.88561439115097
913,193.89746401592055
914,236.23512577031318
915,229.660060122375
916,204.38701894271537
917,-9.426305945596255
918,217.30675134737274
919,235.65890457613335
920,-42.07176609432237
921,242.30149008348124
922,197.13581365424358
923,207.06048533203216
924,235.65410040716705
925,231.8419792675502
926,203.04949623955184
927,-33.85342163196739
928,233.09544919408756
929,257.25607313218086
930,-23.74569918926113
931,224.1092111116567
932,233.52037049687428
933,230.40674503002498
934,231.42685465073825
935,240.48885937371935
936,240.26052714804183
937,246.66468400363192
938,203.4646584560441
939,240.36658686796574
940,162.9103624176933
941,-4.053952735939319
942,242.7937495648168
943,234.02204900665112
944,20.364241904805652
945,233.44828952354484
946,275.7191559221674
947,240.70950274268466
948,225.4068085550612
949,214.713910634292
950,166.44611844408067
951,191.75057103850054
952,240.36684052879443
953,209.25593751351641
954,233.78034691506315
955,229.20455074789712
956,243.67765521513036
957,227.5209828720718
958,266.42140230061295
959,235.39562512645435
960,241.70927520217867
961,240.72369147238047
962,216.8524615631652
963,262.421187889722
964,252.0247640578647
965,-38.10380856927301
966,180.19013302915374
967,214.98957791550146
968,227.23002549581525
969,238.91424493101374
970,238.39907851179095
971,180.68095113523634
972,217.2702304178618
973,-12.929512839298965
974,248.68690707011515
975,251.58934568699414
976,237.25851757100747
977,241.83097879449247
978,211.7081459298036
979,20.34392727699263
980,241.14241119698568
981,244.40003332474822
982,231.39636333577138
983,251.48364109542888
984,223.61114765273527
985,-37.77712499821831
986,243.89529063058262
987,210.4856036971488
988,-45.08730476582462
989,222.8135199341868
990,234.82914218826573
991,-10.131011532593064
992,223.8332357672667
993,226.30701373015378
994,238.5708577231379
995,-46.74732459979376
996,136.08301550802048
997,248.4127395505302
998,252.13744941060284
999,231.21699901930344
1000,109.2570430477698
1001,258.7864247858671
1002,211.67530702827455
1003,208.10396129372603
1004,-17.539692718044563
1005,242.44508726705217
1006,226.28478467561206
1007,230.51975404248478
1008,207.9924947917572
1009,245.6353285262447
1010,-43.85651699309773
1011,162.6153987378717
1012,244.86211688876185
1013,-45.733809605718264
1014,206.61964379700868
1015,233.2547081205683
1016,225.26686824256458
1017,249.78763266731463
1018,209.47847429127557
1019,-42.547581735440176
1020,176.64927254471928
1021,196.10530147080087
1022,228.33724828625805
1023,230.97436646094454
1024,263.37077848245764
1025,222.26820951389513
1026,221.64793808153107
1027,249.09815240264786
1028,280.8432193265121
1029,295.3264268235148
1030,243.27984191008815
1031,261.7887447676393
1032,267.1178298406129
1033,228.42282329267
1034,-13.64142546791524
1035,253.18810290458435
1036,247.12581387195212
1037,-48.02883391564019
1038,240.9527499017108
1039,232.83260914115033
1040,200.92655737909035
1041,-14.938008154891747
1042,226.16349534516647
1043,-20.492562798084847
1044,271.56394205130533
1045,184.36274230604292
1046,-27.711542718579835
1047,-48.565431639366835
1048,213.15580374969102
1049,257.57267972802117
1050,264.42831846891715
1051,-4.413242440992718
1052,41.91558843974255
1053,220.24948316343588
1054,223.50531260981606
1055,238.00222439553747
1056,236.2461101171936
1057,261.57051720032416
1058,231.97452320088522
1059,212.18205860433665
1060,187.69054806408502
1061,-78.18363016648276
1062,240.58403638195017
1063,260.38750059434926
1064,244.45755959862294
1065,245.07764820996874
1066,156.04907600415444
1067,255.17688331655935
1068,222.46092821996552
1069,249.11259600086615
1070,240.79901480634413
1071,-11.453901250908359
1072,204.2773558615523
1073,-96.66257089717818
1074,-14.27375818129778
1075,29.22097942814321
1076,269.72084336935825
1077,194.46032646126753
1078,0.23841797327375502
1079,-42.821229504464426
1080,292.97992638466303
1081,263.3191923126451
1082,8.706835140895421
1083,22.403416130676646
1084,-4.51309447407894
1085,22.72584542907532
1086,273.67406203178007
1087,224.94262672915883
1088,259.30966362287666
1089,19.303639542089186
1090,-27.672290977648075
1091,226.08824770690205
1092,249.96581364872756
1093,235.65026344874923
1094,-94.08997933772164
1095,-12.282223242903996
1096,249.54412108373685
1097,-74.73477820805438
1098,182.49832944894325
1099,-148.70701252315484
1100,-13.911900792121799
1101,216.52696735446327
1102,-36.793089607776864
1103,177.5454801419705
1104,176.4998186205758
1105,262.70601094382425
1106,231.59195136066933
1107,-21.70698672867786
1108,231.8984379447149
1109,-43.77825613077508
1110,254.20335275189123
1111,267.0496463794394
1112,-1.9912652360834784
1113,-123.753293704914
1114,226.81393808431588
1115,-7.635351649024813
1116,-55.70592160721141
1117,25.54055901337395
1118,242.91401205399768
1119,235.92838302274325
1120,235.49401591033234
1121,255.7578135023924
1122,227.89254888631055
1123,246.2594672330305
1124,12.5145992329889
1125,3.9002757504159575
1126,227.0600191856598
1127,278.69824657711524
1128,279.65751263229185
1129,231.10726905963313
1130,-60.39006558972892
1131,-145.13314752332286
1132,198.44215893149328
1133,202.95001117177716
1134,210.29653375421884
1135,231.0462444684374
1136,261.59093188489476
1137,207.16267627765222
1138,-67.21110761741457
1139,219.0685457558311
1140,212.22929454085454
1141,253.7476890080694
1142,257.2988011975457
1143,43.39938535795096
1144,-32.597208223407634
1145,-6.641568067013381
1146,45.83905165704536
1147,-31.46035046580056
1148,20.22504860114519
1149,267.9571603756637
1150,250.79644965525
1151,264.7507806714022
1152,200.53993169798724
1153,-50.54389033794571
1154,236.18557647248434
1155,253.52820205081596
1156,24.948050900242905
1157,-126.65524224090478
1158,269.7570668037383
1159,241.78484363685982
1160,238.74136434778777
1161,-23.09651268544208
1162,272.92730289956677
1163,230.130103720718
1164,241.6327462361476
1165,246.62430203705134
1166,238.69982246549677
1167,222.63671676760785
1168,-94.87474241254688
1169,-99.74314279388265
1170,242.06302788892992
1171,-26.841497506707626
1172,-168.44801686550085
1173,224.61955913426326
1174,230.7261124975573
1175,225.13030392737795
1176,273.7909516027975
1177,245.937160891207
1178,253.4401364211168
1179,-9.355004676824933
1180,245.73133484733364
1181,263.38842214679255
1182,278.1676718896124
1183,21.559719659668914
1184,45.33383266270687
1185,274.65231686132734
1186,284.1176408347908
1187,28.13690487329643
1188,35.51928849474152
1189,3.853697058966503
1190,264.38022383044336
1191,268.52308988197365
1192,54.19942194866263
1193,46.49233181179898
1194,-31.162382652301233
1195,73.88319365580202
1196,271.1963652977055
1197,262.25628624284354
1198,275.91783836854216
1199,275.97269506136547
1200,290.1909576268312
1201,-77.70610142652174
1202,260.27887486428756
1203,236.68225940526668
1204,69.4902471379961
1205,0.9625996585246241
1206,300.2619327680351
1207,272.73805288093513
1208,251.5658030361594
1209,-85.66276344834458
1210,262.8053536102881
1211,223.99644416192967
1212,262.4049079174154
1213,256.7882692594501
1214,243.1339829193887
1215,11.780448288501304
1216,262.6190681862527
1217,-38.38206864964367
1218,-8.66069800068405
1219,40.554171651141075
1220,-0.05318442039903459
1221,232.65992645717344
1222,278.8067352334491
1223,-4.87336267492789
1224,287.01957941338844
1225,220.72837150059942
1226,-1.6871368264501
1227,258.8513288585325
1228,190.60389843119486
1229,214.47263021464016
1230,241.66117015258158
1231,241.9771554737418
1232,16.301222968132592
1233,-19.17872358682162
1234,275.8586849542753
1235,-148.06844975578267
1236,255.35185648264877
1237,-215.9369524060323
1238,222.98325082054976
1239,-11.552485339919428
1240,260.8931657539059
1241,53.167353259322255
1242,-29.245973520826297
1243,5.94455353559168
1244,211.50760391033194
1245,-200.15018554448105
1246,30.168276031614482
1247,256.57164161649547
1248,292.0332133062957
1249,-589.3200985799047
1250,-11.579515947823623
1251,6.63761155577825
1252,11.170138059144037
1253,13.422577985267168
1254,-223.58372569115795
1255,27.240330568252716
1256,23.74865194461809
1257,262.09244038261306
1258,233.22060395492417
1259,23.002949523931264
1260,26.8037862215305
1261,33.19334567357825
1262,28.345137037660606
1263,203.41674434817446
1264,24.91563621252726
1265,12.870494727649472
1266,8.722868785609506
1267,-1.4025880635375643
1268,282.1037390545823
1269,53.5342412586715
1270,-43.976072550109436
1271,-95.81853672705083
1272,-21.597616981759586
1273,243.33417038150995
1274,-37.56103517143639
1275,-56.089226589772764
1276,34.53384883953086
1277,-9.134387456814224
1278,198.38165576507845
1279,-108.10662505847894
1280,170.3495652609615
1281,-24.113485802918248
1282,-59.49192030523791
1283,192.30310405231845
1284,-16.92029398154922
1285,208.98314749102562
1286,-27.194957682731612
1287,-26.489675441346733
1288,-15.164362667401846
1289,195.28553330789182
1290,3.804652419486544
1291,30.166865340355514
1292,190.73948029617853
1293,1.5789133551868133
1294,189.77050588131567
1295,236.0107699772319
1296,58.82072685903796
1297,-40.09943080314555
1298,-23.76830291847986
1299,8.627482695687192
1300,-33.93480780620749
1301,-4.7952489673043885
1302,226.32819069645268
1303,-82.05882065442229
1304,31.35259225102118
1305,13.393408740546846
1306,-51.20334969942057
1307,276.67979030224024
1308,-16.294486688287762
1309,40.831907857876445
1310,-36.08809845266673
1311,303.6543444585059
1312,3.9556874667704705
1313,-45.73374840327166
1314,-41.84594570578675
1315,219.1116578407404
1316,12.076227271166601
1317,-18.052332895939713
1318,-7.582730282668166
1319,24.288340937366115
1320,-63.646155513092864
1321,0.5966918929559171
1322,38.30543051402742
1323,-4.549676425765242
1324,9.98906110941779
1325,-20.8115008088364
1326,83.94230754804153
1327,34.267376952978054
1328,69.10793942450141
1329,46.314450694410766
1330,79.95927981528365
1331,55.90777263325157
1332,58.05677490540171
1333,-30.587161743563115
1334,52.87399268794775
1335,-23.262721403403987
1336,-38.87148213508722
1337,6.507151454066246
1338,23.907794579608336
1339,23.639209333130665
1340,70.36241797627997
1341,-57.53124965301477
1342,45.39942071992468
1343,30.11976317399518
1344,-17.90030530597207
1345,-46.6313301125483
1346,205.5445607548897
1347,0.419232481733701
1348,65.54964143613455
1349,50.935421356373865
1350,12.630209607619705
1351,52.56520793755766
1352,-2.9506298481260274
1353,-10.89869987046734
1354,-52.33799353171891
1355,15.836705015665473
1356,249.31456622062836
1357,-1.8348066567023693
1358,-10.828414833812971
1359,249.74277662351443
1360,48.37183770746185
1361,56.02184515616
1362,24.72124729609267
1363,37.51987654735157
1364,40.46912838336638
1365,16.350788021140602
1366,-6.293667286116886
1367,19.271348471710667
1368,-6.507815019998233
1369,-50.18201565924066
1370,46.84609590439345
1371,19.32517763586506
1372,33.971011254396615
1373,236.57475525765
1374,17.651659407502933
1375,-3.8563104731376114
1376,-52.91627286907381
1377,8.626898602190167
1378,-435.55463824274534
1379,133.64161001962503
1380,-46.430178469956786
1381,-6.3122218382346915
1382,43.81306032353703
1383,195.79496263024907
1384,-26.91573183123269
1385,10.641094054546684
1386,-44.151483346014146
1387,25.45150620452378
1388,-431.37007568323344
1389,15.619480254267415
1390,-517.8353287759587
1391,-829.8041629463269
1392,-12.582628767238845
1393,-700.3325588755412
1394,-856.7108629727733
1395,258.4015288365962
1396,36.051976537158
1397,-1168.0182832161472
1398,16.141551666265414
1399,-12.589248159297526
1400,311.1789503235134
1401,11.526219205836213
1402,36.37307374222232
1403,20.20123167519165
1404,16.767158610543135
1405,-1173.6079091736171
1406,-757.9581290973938
1407,-374.7869787492981
1408,-844.6365523328884
1409,-474.932869815003
1410,-738.0113767542033
1411,-266.52985195116435
1412,-618.6092053453623
1413,-743.1121688851384
1414,20.619515373566372
1415,-216.22381100474615
1416,3.4674767557960138
1417,2.722491745837033
1418,23.890679661276806
1419,45.10123398762184
1420,22.837477973910808
1421,47.77623257837192
1422,-460.3774721444575
1423,3.3594254770589913
1424,-17.449143601240678
1425,11.784350319940941
1426,36.14971674856247
1427,38.95406726570303
1428,15.719547596676549
1429,2.1111348302896147
1430,24.695537911514762
1431,-24.019437366630854
1432,5.42369506164421
1433,-19.95026788630952
1434,-51.22023297700818
1435,-11.314991074251992
1436,-0.6332786426307564
1437,120.82770272412476
1438,4.238170005388255
1439,104.1361225773566
1440,68.44103942783131
1441,-166.47856701137152
1442,92.14908116584745
1443,110.25101518391249
1444,-10.126906354690462
1445,109.2141019805777
1446,112.99504724967065
1447,93.33918380553555
1448,100.01287897079567
1449,-257.1042764458591
1450,-75.625516598831
1451,82.20125745643281
1452,104.54645206059541
1453,65.65447482590253
1454,-10.119078651426463
1455,108.0900093682684
1456,72.14625373937687
1457,87.36364889645901
1458,213.6752891258161
1459,122.38641621541608
1460,132.67313430168508
1461,143.4091343940496
1462,-37.32794153973761
1463,-49.64045701072759
1464,60.144647207082045
1465,-74.17579361949045
1466,118.09744163086584
1467,-54.47507199625066
1468,-88.78492949227162
1469,-31.39863649897221
1470,-20.9387149679981
1471,119.77244416016529
1472,104.03977212331966
1473,75.56593175483746
1474,97.00341191297572
1475,15.491495246463572
1476,-58.5152310141431
1477,-21.527797855421767
1478,114.24017161934908
1479,77.0056900065319
1480,-1.9410631070627744
1481,-6.886857218918387
1482,-138.23666792746576
1483,69.28837313659034
1484,73.13949592725972
1485,-15.495790917309224
1486,110.51163544303414
1487,103.27983152750815
1488,115.91305643366195
1489,43.27835825599385
1490,81.58553292391997
1491,77.06983432268582
1492,-187.1470124598725
1493,28.77479354676848
1494,128.8047571190593
1495,48.028866061180935
1496,30.822618293660184
1497,110.26707244078239
1498,-31.950325442048992
1499,-4.421231604450597
1500,122.96081774101468
1501,71.74078301517216
1502,-41.922737681359294
1503,55.24338764207393
1504,128.25436545045483
1505,-17.602268936929818
1506,85.80213545646082
1507,88.02561030162185
1508,18.214411953363978
1509,144.6377857672686
1510,42.77268029452422
1511,-39.30559330943589
1512,14.198093770384377
1513,91.34829423903064
1514,73.87059230028426
1515,67.00001352568049
1516,100.47132698659118
1517,-691.6186284726618
1518,102.23791939375025
1519,69.88397625250248
1520,-104.84698516257694
1521,83.96823048970543
1522,78.39742018544695
1523,-25.304871494157368
1524,110.53145452258053
1525,32.99560687142191
1526,117.84120624058944
1527,152.22320396264882
1528,161.64772259125988
1529,72.51688334176015
1530,-107.68558232950866
1531,-21.19278420160181
1532,-26.390842543982714
1533,85.75607646290756
1534,96.0077353531651
1535,28.523511580748647
1536,16.309096397520292
1537,175.49649397045525
1538,84.27491204633434
1539,145.13930960905074
1540,49.75560032300912
1541,1.97777589178632
1542,97.21039622230572
1543,109.6045709932161
1544,142.33365817515943
1545,85.25660304992701
1546,-148.90210893843712
1547,-379.8374323105285
1548,90.58637685960628
1549,125.10523700770436
1550,-172.5335467511309
1551,-53.65696241038509
1552,127.82265291393014
1553,114.76066129248134
1554,88.91705163554222
1555,96.8454658487202
1556,-63.83852464456402
1557,114.07870791790982
1558,-59.510401004822434
1559,-95.38089273512814
1560,79.78660081344336
1561,139.09694824844212
1562,113.00316197088154
1563,49.0712767517757
1564,91.67492553602112
1565,-42.8049346482224
1566,188.79465793393473
1567,122.99564030595799
1568,136.5794946018943
1569,97.67794251235502
1570,13.20324774328135
1571,26.737411233619827
1572,100.27093209749933
1573,-23.660900675040708
1574,105.56514407794937
1575,116.19524398832723
1576,130.1764911953769
1577,-97.65732304816447
1578,87.94683128007549
1579,87.88309678500764
1580,-19.36438156215732
1581,71.3225030381918
1582,205.5693296936327
1583,-214.36513510772664
1584,99.57364617818415
1585,-82.02088172988658
1586,84.19302191019571
1587,26.867767080566836
1588,80.41012600187629
1589,-21.416097228016298
1590,89.21873535097858
1591,131.88311061822364
1592,66.01958489499835
1593,90.48541128256991
1594,-31.070923444973715
1595,56.70737175644745
1596,68.62933609889033
1597,35.190900306779966
1598,93.08628325955557
1599,-58.75848113998285
1600,118.57423410161826
1601,87.03746764301039
1602,96.55902399389453
1603,60.07658438966331
1604,-41.80282081896675
1605,80.34559871062139
1606,-28.804849344738287
1607,88.65798779834742
1608,52.933075441832145
1609,193.96317456970394
1610,-33.32536116877776
1611,92.8163132152324
1612,151.11526931790286
1613,107.07526117614026
1614,27.610579817589702
1615,74.61100184149888
1616,83.96703265100699
1617,108.83669024216015
1618,119.79644946172732
1619,182.95333163788314
1620,77.66854841692835
1621,61.0697072702777
1622,150.92909519909875
1623,106.136232846577
1624,-24.843937724974367
1625,128.9540027514223
1626,193.51405677016106
1627,86.1210957582087
1628,141.7326341671651
1629,153.77016299612563
1630,87.49451023699199
1631,87.33935276398644
1632,170.69057826486718
1633,94.38910388057668
1634,-80.33672517472496
1635,203.10695677036165
1636,91.41644967727535
1637,84.90324694120889
1638,165.1607178907692
1639,63.69151989958593
1640,71.34026631792415
1641,170.833730154575
1642,108.99493686691973
1643,98.63634153691278
1644,175.6765224563858
1645,31.980460006219516
1646,94.0487692008247
1647,92.90938543247495
1648,103.34614320053014
1649,45.68749505596607
1650,94.81637528849897
1651,86.32985417354797
1652,208.78358066823716
1653,52.558673283627755
1654,76.12478478724444
1655,34.24603479998858
1656,18.4072604697004
1657,57.3874802578755
1658,112.76671024067461
1659,77.76054154584193
1660,-73.87947256111953
1661,93.45199399325956
1662,190.72143495967924
1663,83.29249933484994
1664,99.37929971860753
1665,-50.02031582372821
1666,128.34158587376817
1667,95.21771879334649
1668,-38.31936789728525
1669,87.30634641614763
1670,65.44181842458316
1671,163.50903888600254
1672,94.73783566074329
1673,180.76251856229737
1674,69.44773173671753
1675,184.93209446733835
1676,76.38119108116521
1677,-52.62370027809591
1678,219.36677269639932
1679,87.72428393118545
1680,-6.058504267482263
1681,146.73327863305056
1682,110.59428524922255
1683,35.66698071075589
1684,156.18361517743153
1685,107.61106441703241
1686,196.5185521320792
1687,68.66725760028471
1688,103.60188683217208
1689,-31.46862029320586
1690,114.29729698430582
1691,129.3066804649624
1692,149.74423323878537
1693,144.0976260535657
1694,172.25735638966427
1695,132.34385588951167
1696,138.85490463137344
1697,111.40335641540153
1698,183.78956488356292
1699,165.32797445170826
1700,156.6958378880663
1701,133.97053673057107
1702,-44.24451581177779
1703,73.41766883062488
1704,204.55107233037216
1705,220.06475662407934
1706,144.41130620844675
1707,132.9534779748734
1708,221.88007667926306
1709,95.7375953402808
1710,237.6349219308625
1711,254.55423192359677
1712,53.947102755063426
1713,-187.76755380688394
1714,33.31360316911779
1715,177.6847252377002
1716,-62.19638890489174
1717,-24.804201608936044
1718,-103.86546794134473
1719,169.56991370397057
1720,173.85926786246438
1721,184.94149373325996
1722,-299.76090743066266
1723,130.68083959506095
1724,36.13861443011257
1725,263.6274621246764
1726,30.370797588666235
1727,244.54719374685524
1728,-131.2569890902752
1729,-134.56795328835685
1730,188.20116813806732
1731,-325.458738592545
1732,-77.36515561124945
1733,-19.63403688311965
1734,-11.321923587392682
1735,24.787553274543626
1736,174.00575329533893
1737,164.55949157474902
1738,126.86341222307587
1739,-62.59169458855496
1740,176.90234068468231
1741,-427.7973884366932
1742,214.2954141350766
1743,-67.96138205673998
1744,-96.96940421671691
1745,132.26305927739008
1746,201.6807353165595
1747,187.024427302013
1748,158.64596169313523
1749,233.65893243285504
1750,-143.1651923025732
1751,108.54557887327618
1752,117.14566769681514
1753,-24.75494451017805
1754,161.20524397574593
1755,136.48123065058317
1756,72.03454612794319
1757,195.40148683476116
1758,-198.3737696688268
1759,145.64350440920475
1760,-87.86202282878217
1761,-34.351777558346086
1762,160.50204978928846
1763,116.54058703802832
1764,130.15940909561712
1765,127.19344082301775
1766,37.988947877227766
1767,-191.082574357045
1768,-47.36768721371372
1769,-31.16576099655174
1770,25.303692898409523
1771,110.16427299781394
1772,122.85260550550629
1773,109.00413818595324
1774,99.11064424175854
1775,114.03369659315513
1776,98.92652900675827
1777,121.7079257884528
1778,239.7834369980997
1779,131.2392111436912
1780,109.99017005115354
1781,97.29832350655236
1782,168.38360339373742
1783,128.45635963409708
1784,134.81133781888994
1785,79.55365325759303
1786,94.31736746062333
1787,139.96700569914495
1788,122.38946521286745
1789,148.93610605285232
1790,107.56256194111539
1791,-11.491851733963486
1792,219.15059500217356
1793,92.95504287012088
1794,115.87521882332933
1795,114.82727861567686
1796,94.37058961224972
1797,103.17688560562738
1798,88.18450522369511
1799,100.70175542644549
1800,123.46095377128144
1801,109.34182859730964
1802,93.56987758948979
1803,139.9630702031631
1804,237.0280240596397
1805,5.264363494601525
1806,115.2102568577243
1807,114.34451784889644
1808,183.36225413737245
1809,131.02755447238323
1810,91.74148309989877
1811,209.11532870190052
1812,94.47368300401872
1813,115.18348582131097
1814,136.17082804376375
1815,123.7227059728547
1816,107.51511032818708
1817,134.83967299428122
1818,127.75645160767138
1819,83.28240708652282
1820,109.04280511556361
1821,74.5373299006196
1822,235.59463723447237
1823,85.79445823278473
1824,58.508802887810155
1825,115.27426669800548
1826,183.2251076132681
1827,-39.38798575199601
1828,213.38190758182867
1829,-24.56958272792299
1830,60.911257221412015
1831,186.74450465423956
1832,157.62009350124316
1833,13.587392320311665
1834,119.84287964784583
1835,101.6794129716864
1836,113.35530437680852
1837,108.0098878290881
1838,185.14403995164022
1839,111.86458596877287
1840,123.62875362394182
1841,91.45034902793199
1842,112.55118874538807
1843,221.86076069383145
1844,105.6596552652045
1845,74.35438058636997
1846,110.03710216483091
1847,196.8730662476077
1848,98.28773343156904
1849,119.7061545602168
1850,209.40567661293886
1851,138.54314417999703
1852,213.67901327042733
1853,103.61472476311474
1854,90.7081044613201
1855,-27.561130859097062
1856,76.20502728121994
1857,129.7527133383988
1858,112.00174035643828
1859,131.8145005838983
1860,228.17683962040243
1861,209.70832862939676
1862,204.588806214369
1863,225.62818781686298
1864,86.45422602191861
1865,104.04201604016032
1866,123.1027582269104
1867,149.00278690965914
1868,139.1910265072017
1869,173.2033015581393
1870,-35.17821592143764
1871,132.08560518640914
1872,164.2001098853587
1873,113.35467741453101
1874,129.07613692931332
1875,192.89675626147402
1876,230.25377893628527
1877,209.9882761893843
1878,140.13669806812524
1879,89.66944794168514
1880,-20.936504466802248
1881,227.33010033934772
1882,123.58337000188689
1883,127.89009869004522
1884,232.14658700037697
1885,-6.236959507435003
1886,117.9259227740842
1887,-5.738644688105026
1888,248.7087733328616
1889,239.0956237352197
1890,114.94241540542605
1891,143.3339562482322
1892,88.03778882441273
1893,-41.314483641508204
1894,107.35116237436957
1895,84.95403317443395
1896,10.17153177150007
1897,138.83022923868967
1898,100.27500805008987
1899,100.4259178477968
1900,-1.8760367650075835
1901,120.02919278217448
1902,222.3660047334725
1903,109.58907317822543
1904,122.73367008934191
1905,201.6283652401762
1906,82.62420563580828
1907,239.1722651211432
1908,-92.91938388964842
1909,118.422911495032
1910,114.71901781991858
1911,193.32596430593577
1912,198.07502387590733
1913,185.33353694413393
1914,197.04214577035992
1915,84.9087734741258
1916,216.1390885969273
1917,25.363309559554963
1918,125.42044063956318
1919,202.91380104227613
1920,78.87960585791663
1921,144.43220252518532
1922,-30.55682405009476
1923,102.35478168957188
1924,12.493149675233639
1925,191.77608446177192
1926,-40.0885841237818
1927,-2.037465185547859
1928,62.04966650628867
1929,2.3622106819948243
1930,109.9506603417431
1931,130.95244129214302
1932,206.72227632291109
1933,198.17608317388002
1934,21.10709948460301
1935,28.594073598136276
1936,131.77505509024937
1937,102.96725403512217
1938,138.1849322912468
1939,119.60028515716765
1940,242.30317727853065
1941,10.633836870832752
1942,121.33259856909459
1943,131.24992394195854
1944,132.41172523812122
1945,117.18515165215797
1946,123.51475298839595
1947,121.17171576306563
1948,147.85845561955992
1949,109.72194368586545
1950,-4.333214472478559
1951,146.756613073742
1952,120.57282006016692
1953,117.54730059409957
1954,-6.854172187087769
1955,129.96337898486888
1956,120.26459024750746
1957,143.11598029144218
1958,111.27089280115682
1959,206.99434546683705
1960,142.21669138800215
1961,219.39149330257055
1962,-41.042802810405064
1963,114.43724234388333
1964,118.70497877928884
1965,133.65120480504348
1966,-18.409182762599315
1967,143.03344039789795
1968,142.03085807813179
1969,143.2369360632641
1970,189.0105192974853
1971,131.32715019332628
1972,238.3171208285982
1973,-30.933596238358916
1974,23.414593497784693
1975,220.90032643835352
1976,125.63433778785314
1977,111.25760780923285
1978,122.65855724174986
1979,126.38577634328222
1980,139.76504933014587
1981,109.33831550115163
1982,94.60019620034197
1983,117.79411168004755
1984,226.87409999470458
1985,146.53668581082712
1986,115.38081018167642
1987,163.61312526552985
1988,118.32998816732494
1989,108.29331541849386
1990,210.2747563977045
1991,95.69877312893497
1992,104.7032292336304
1993,129.69478486038392
1994,211.65420113426785
1995,141.95968382916124
1996,188.84329893266937
1997,113.20957421156874
1998,207.36042507191684
1999,125.79239116272417
2000,148.70171761352765
2001,100.22311298114589
2002,220.21510080501844
2003,126.0714523841919
2004,-20.14606359449502
2005,119.0851709130465
2006,216.28827166136935
2007,141.66932052211544
2008,126.2080660702464
2009,95.7861438659776
2010,43.73768732077517
2011,130.59544718077217
2012,214.4110183056276
2013,68.26221757393782
2014,103.6789217569721
2015,137.87649364004614
2016,146.56138380435635
2017,145.85334440215337
2018,90.91456263003825
2019,131.762176038655
2020,176.49869225168868
2021,119.34925770653685
2022,2.83221835558939
2023,107.5469459644327
2024,240.18640936473216
2025,193.5048241916112
2026,247.82124203827857
2027,137.46202676088538
2028,211.46531193103786
2029,149.39077249384806
2030,253.83654565010778
2031,119.64564980877651
2032,124.36920877290567
2033,111.51395485849122
2034,98.59221396558281
2035,228.1013918572352
2036,130.7588186134511
2037,119.47468591916066
2038,76.32770085255467
2039,95.30332066150875
2040,142.96802865453816
2041,157.0523538059959
2042,123.21417036075016
2043,140.97110730808348
2044,109.03195678207105
2045,200.36319343105166
2046,115.8880345715817
2047,138.51865670197895
2048,29.35908315675394
2049,97.87451206300621
2050,75.96706754042695
2051,90.15748018905393
2052,-49.26257334064789
2053,-71.66241348503955
2054,129.87182929040264
2055,-2.414603398065225
2056,-118.7667927592195
2057,21.731457695420772
2058,24.757655385062378
2059,77.90836134509223
2060,-5.240614990440648
2061,59.96399842739971
2062,-2.5779703881465594
2063,82.17591683849797
2064,120.79349827843288
2065,5.301967583110738
2066,-65.66471119552867
2067,208.06582835567417
2068,35.128461023462194
2069,121.8123814653571
2070,149.3039317170888
2071,68.79898445001965
2072,103.84307968864542
2073,127.03564531001908
2074,67.59591607360855
2075,121.94999500755526
2076,99.80626960631153
2077,119.97275604422423
2078,93.09613044011385
2079,148.22299991503763
2080,104.48360082280458
2081,227.4101904544678
2082,200.8994346624437
2083,-4.828577470889542
2084,105.93394388957316
2085,120.19042786174641
2086,131.54009330190013
2087,128.98694736410275
2088,108.12338245845636
2089,119.8112540586633
2090,111.72352137788604
2091,131.60776607333148
2092,-10.788295597379843
2093,110.80994374194742
2094,209.66949065842874
2095,-34.31572129815086
2096,121.12856889215873
2097,1.1046864988170597
2098,143.8888881051519
2099,99.98850237134864
2100,121.00883568390917
2101,144.3871419363246
2102,69.36304364893405
2103,6.030841427058618
2104,-40.15980938748895
2105,172.48090974459845
2106,69.24105988446857
2107,142.14843782162674
2108,201.10922052380914
2109,106.07199452302368
2110,108.95217148096714
2111,72.61212488827212
2112,21.90439225518989
2113,215.4044494729348
2114,-48.09280851596192
2115,214.80415587998112
2116,67.82008241908495
2117,107.93451773868468
2118,5.4494668606945
2119,90.9162324594329
2120,198.63228898501495
2121,1.2443910292439853
2122,148.0833582737187
2123,112.56320840851618
2124,162.3231479313974
2125,-66.64214402263013
2126,112.45250887146493
2127,157.85590724598512
2128,1.4000883185885726
2129,-23.643798266060486
2130,121.25199911629714
2131,97.2479907559178
2132,-7.38638821567703
2133,149.8155979805299
2134,40.49155836937723
2135,32.59319326335793
2136,218.60932375611725
2137,132.6860947473331
2138,91.79031381556803
2139,38.200687873506894
2140,183.44384356674246
2141,112.50072384948352
2142,-28.13978373530604
2143,116.09596597709536
2144,66.2864384471579
2145,181.38903167910874
2146,196.76815558942212
2147,138.98350898454407
2148,70.29130883595423
2149,89.01119352343046
2150,138.097701098451
2151,123.05289065927478
2152,226.45507424490202
2153,71.24666384610609
2154,216.69488156190698
2155,193.72508728841296
2156,99.63854454626367
2157,80.5908272046465
2158,-60.707583358973594
2159,-10.359643784718898
2160,2.0712404604322927
2161,104.46612115257399
2162,121.04238786366281
2163,17.489488010232193
2164,58.67644977064654
2165,92.71292759975378
2166,-29.885640248948363
2167,-26.115252144192752
2168,139.08127518538245
2169,203.53861374792714
2170,110.69473138328661
2171,108.03560975310968
2172,-31.56878394978183
2173,-34.65547304866162
2174,161.76701714437826
2175,96.47501710310505
2176,-41.724657700107514
2177,121.39721217575973
2178,31.908097110262702
2179,150.92043716728003
2180,87.12447446782217
2181,122.5140972286249
2182,-19.017396407751292
2183,158.3733891529256
2184,31.869525562511228
2185,12.635795014626922
2186,3.2428361438473416
2187,171.8920509476289
2188,146.9881251898108
2189,115.78847657530247
2190,146.33196543301273
2191,127.09274456126928
2192,148.19445454591565
2193,122.61868772366209
2194,124.18654792679934
2195,148.9697862777497
2196,110.77855667629444
2197,106.30892787654432
2198,138.06668037938203
2199,-27.15385435515718
2200,121.1870808695339
2201,147.24912621463406
2202,214.11318039956734
2203,142.05718435107073
2204,117.41976861799856
2205,139.4899344778417
2206,-22.6555889370228
2207,-7.900101678907319
2208,117.44522563425843
2209,132.17730492020982
2210,110.66062261371287
2211,111.46732681349117
2212,221.93579838313337
2213,120.88637774788823
2214,199.93796427932244
2215,164.80361489677094
2216,122.162168433625
2217,136.0480449281381
2218,86.22461311974804
2219,-7.4729181207244295
2220,232.78815097274224
2221,176.72351323452096
2222,268.03486326122356
2223,143.75839537658064
2224,67.09762415460006
2225,143.9758354364172
2226,218.41827387036898
2227,12.527851718448275
2228,141.28859080360593
2229,180.02305985181854
2230,221.0801099630359
2231,123.70920050314946
2232,8.518650941364214
2233,195.01433581411573
2234,211.26970874350235
2235,149.03982066727679
2236,221.49045167962845
2237,-3.435604306219801
2238,8.297916958988026
2239,67.16316468382716
2240,133.02335179414555
2241,145.57536323450515
2242,139.0237069499754
2243,125.22024843823162
2244,24.765619586698392
2245,-29.050622238111274
2246,-59.77022895730062
2247,149.01328996402054
2248,-9.010741576044168
2249,140.35431941520952
2250,156.13334255129618
2251,-73.55803006514991
2252,-25.410672355220854
2253,128.23930680835588
2254,104.94324418998639
2255,124.79280614723942
2256,125.6273187978484
2257,121.71633172032809
2258,271.49901819876897
2259,193.7722268798882
2260,251.04616340945907
2261,101.82637381265256
2262,132.49477818002714
2263,94.51697003915024
2264,242.50501487972352
2265,-6.316748698854241
2266,140.07902010739596
2267,114.74470205639042
2268,181.62086555288897
2269,272.53342390783524
2270,193.3544207949531
2271,148.9525303168316
2272,-82.89992051399469
2273,-21.77003555414784
2274,113.63496295991744
2275,-6.5524283921706825
2276,283.7743229987051
2277,238.89449678678716
2278,221.0228230170936
2279,272.85463338727357
2280,251.15218389015794
2281,-73.24853957536203
2282,188.88614521916253
2283,-33.18367756406994
2284,34.12503216187116
2285,217.28732613265475
2286,189.47401712170813
2287,-31.435646724764965
2288,11.135008041841985
2289,227.064362865799
2290,113.91568656795286
2291,-1.2181443980334734
2292,23.97794383896104
2293,-15.104012032841197
2294,146.40407056178603
2295,184.5631602920484
2296,120.52651951880945
2297,158.66699109830574
2298,249.95263218654205
2299,-21.7330685146606
2300,274.29277254716766
2301,-37.545249260234854
2302,192.152190076801
2303,80.73774362818952
2304,124.04600521023801
2305,-68.2378352072477
2306,221.6177797922012
2307,25.18305099572717
2308,27.858447173818362
2309,280.0821532876497
2310,98.29037088011924
2311,36.367391712185395
2312,52.43531886358292
2313,115.40786673107007
2314,263.04569136635655
2315,237.0766906587853
2316,258.5990545656147
2317,-22.32628813031785
2318,228.6329294354952
2319,37.37552773395251
2320,57.64012901019258
2321,58.39279800897819
2322,10.807982106457956
2323,151.05981874913226
2324,33.95404622996685
2325,101.10000810317999
2326,134.12652764074681
2327,32.361939006159105
2328,96.6924024023163
2329,142.74536590981134
2330,200.6036488478597
2331,-24.096178085060473
2332,66.24421090122021
2333,231.25990790917783
2334,30.78335641087415
2335,126.89000859185633
2336,81.69496556975818
2337,63.865717468692615
2338,-69.18922497103325
2339,124.31110299170595
2340,135.85109500345607
2341,225.8107024120917
2342,196.91716309050355
2343,89.57504294968159
2344,115.79660747644617
2345,-116.0549960960025
2346,121.75626582952017
2347,210.12165073074993
2348,42.72695496769799
2349,-11.267273753123874
2350,-16.959216358440074
2351,17.418922304168035
2352,-0.21649154522766878
2353,147.4731997899811
2354,85.03262704244597
2355,1.015835530949957
2356,109.08298992444452
2357,204.27957689189483
2358,17.40908701841414
2359,-15.051191097068468
2360,38.71841726648589
2361,107.79462781421326
2362,137.65401498249935
2363,41.1457775788446
2364,90.77930016620779
2365,-26.946683102895477
2366,-14.867803266141365
2367,-13.150775702859406
2368,94.55546266602366
2369,-51.4115042682811
2370,125.34073608280352
2371,136.9247886803777
2372,-98.17259509007832
2373,65.76636391894309
2374,180.98485434327947
2375,6.403061782144675
2376,98.03430271410845
2377,-94.09842183686453
2378,25.266777801073673
2379,25.872188086215374
2380,164.1643163466266
2381,34.36128538302964
2382,8.368548027131624
2383,20.690496845179865
2384,45.92407231911977
2385,-36.61229418092914
2386,148.19680299351532
2387,182.60827086756922
2388,12.159295926674588
2389,132.77728072485098
2390,34.08296829262278
2391,127.6282996691597
2392,30.824190397538075
2393,201.0222370386113
2394,204.03937285381
2395,70.1219096661884
2396,119.03108279844572
2397,30.082784332502058
2398,134.62695780821346
2399,73.99602815965501
2400,144.6800806009212
2401,101.57179387218264
2402,131.38841770844343
2403,-59.89000195307021
2404,24.810212518790905
2405,79.18409976089904
2406,121.99698760406841
2407,11.90502622614558
2408,0.843575011881839
2409,-89.70084732065992
2410,96.80036562838555
2411,-79.87615508583472
2412,-16.92223868231636
2413,-2.0442297540338785
2414,-68.13307614605499
2415,-18.802038661120008
2416,-82.29715331726133
2417,-11.15532261102625
2418,-60.207069293577035
2419,144.53244807717238
2420,144.5793789773881
2421,134.89913191329632
2422,164.1246406956194
2423,-14.13137840827855
2424,44.97930220933432
2425,64.103485418416
2426,98.38192452488111
2427,118.09442728228059
2428,36.92810635370302
2429,36.57974210458289
2430,37.54145067890323
2431,-64.46208608986107
2432,-28.755394728523868
2433,-12.836185153526841
2434,25.11570348504361
2435,2.045126745254805
2436,-80.32689767454856
2437,94.442865648919
2438,-71.45318100310477
2439,-113.61233794994185
2440,-102.3180922186115
2441,7.528295019203767
2442,18.812475791648467
2443,125.0826958558097
2444,-23.295576936201243
2445,208.4777492328029
2446,182.69139482059842
2447,100.99575145373686
2448,166.0068232308198
2449,146.80403842034406
2450,-34.07385311454422
2451,58.68116916396963
2452,54.677767632254614
2453,156.10176054434217
2454,-55.07533613073029
2455,-23.55146798086558
2456,139.48343542593284
2457,108.31919171253644
2458,126.39307970683272
2459,-6.44039093420208
2460,136.4499698127277
2461,-42.121833946483235
2462,-0.18576420681937833
2463,3.461530906244164
2464,79.62733575889732
2465,112.29429261999746
2466,35.944205725707
2467,-12.986013202094668
2468,-64.41472572767019
2469,-25.239116471062047
2470,91.58132682169654
2471,-16.385724191457424
2472,-94.22653823228504
2473,60.188661742542266
2474,165.5209616325604
2475,72.04552104598767
2476,104.48015534160211
2477,188.6469109399149
2478,120.90015821591906
2479,-67.00266475391435
2480,131.1848068708459
2481,-59.43796005867202
2482,-10.46514897542987
2483,138.268071499356
2484,-14.497135888866069
2485,21.661333899895048
2486,-73.6442997516064
2487,116.21389718567322
2488,92.66398183454147
2489,146.00921687885761
2490,-14.230664494953146
2491,163.3108550103923
2492,149.31331668844686
2493,148.85505534039586
2494,111.75598204560062
2495,-116.62577957656956
2496,97.16344046859786
2497,-3.202422759295615
2498,149.19431584853757
2499,-86.63161570411853
2500,-52.2308550306156
2501,56.88710160806606
2502,153.24746548205925
2503,220.5273955183448
2504,-70.44231862162513
2505,-211.78169205356335
2506,-65.13080583827556
2507,115.30788976011254
2508,227.47084248215185
2509,41.04393710465956
2510,87.28388368752121
2511,138.5525342063147
2512,10.811375932827758
2513,-20.054196993098117
2514,54.51492393624602
2515,-72.13890847550049
2516,52.96345788891499
2517,105.58108834959134
2518,129.08143957739424
2519,-28.109631511207198
2520,-47.02315971796412
2521,166.95170791823813
2522,-75.40065561598443
2523,-58.051535116139405
2524,-18.978695405324643
2525,-107.65673522027556
2526,-8.80398335504529
2527,75.25801115887809
2528,151.24922949020691
2529,-43.0474602858701
2530,116.05708779321708
2531,-85.57804384726424
2532,-87.4172833200061
2533,147.32878273684938
2534,67.11722629850031
2535,139.92805784511228
2536,-73.45015017535202
2537,89.84268288646035
2538,-13.339823438629097
2539,22.563838040157535
2540,190.93573981723716
2541,110.45852763888519
2542,139.90776700389503
2543,-79.9740774325336
2544,-71.12221259039256
2545,-82.16203015884341
2546,170.2535343544484
2547,130.59673889510412
2548,-94.64083930513351
2549,54.09426568129098
2550,140.2272233912832
2551,84.76673227925802
2552,152.3360818236692
2553,-132.6787202433577
2554,176.68970563000568
2555,66.58693976969649
2556,183.37857014330189
2557,-69.66399062130132
2558,54.37139469183997
2559,67.41477287967204
2560,-56.783842938707345
2561,-48.44828967305176
2562,106.93740557723947
2563,153.39194265379948
2564,-66.38378715449237
2565,191.6592352550121
2566,-15.28237558326849
2567,85.88177217856423
2568,-67.30164791415265
2569,208.27948945609373
2570,95.09373998322482
2571,-84.72368028894418
2572,118.27363245899919
2573,-52.17354811391067
2574,244.51083775031475
2575,259.7939653828091
2576,-32.86719681672675
2577,100.16533649447663
2578,158.75988986444042
2579,-85.46173949722021
2580,205.24060677857688
2581,203.90972846632175
2582,198.9596912564463
2583,129.01210723282878
2584,-85.2679574773704
2585,169.0466142991596
2586,48.008356626552555
2587,-58.69626959127766
2588,198.03999694328584
2589,202.67982195221032
2590,5.641060506314233
2591,55.770583506586476
2592,174.76844795518943
2593,128.53828744546303
2594,158.13093529972033
2595,96.38330193955478
2596,189.27355828275316
2597,-10.746642083510906
2598,242.1934216490653
2599,-59.76469108182364
2600,194.94892254662318
2601,198.22606065853324
2602,95.97959297908545
2603,159.59827288697892
2604,21.577520001489646
2605,164.96411952661595
2606,105.54153983122882
2607,52.15102770554775
2608,65.86594801782651
2609,90.60270548582992
2610,81.29359183100928
2611,149.90315855788438
2612,-208.92364812366378
2613,-1333.971017820857
2614,-560.5119379576945
2615,-1869.408332057934
2616,-820.8459731082072
2617,-61.01143338502597
2618,-251.93617716325903
2619,-332.190323394162
2620,-3608.44615894055
2621,-46.473489526413445
2622,-1307.533870167069
2623,-707.374191673713
2624,-438.6227021825126
2625,-648.1091023561247
2626,-724.3366289984148
2627,-16.28349273018995
2628,-747.6289257096938
2629,-645.3655732191805
2630,-723.4277228394299
2631,-1968.1082559833444
2632,-912.4237782256095
2633,-947.8327563849821
2634,-1168.4196363856572
2635,-82.83897594583044
2636,-513.3879237988937
2637,-1367.7649104005134
2638,-2186.9096837507154
2639,-732.940381041884
2640,-870.5023893725432
2641,-1920.206381884989
2642,-1691.5590327214554
2643,-526.3886515698368
2644,-870.9616713167893
2645,-766.0471924614001
2646,-647.1389473222685
2647,-554.0364342543444
2648,-586.2266023922807
2649,-511.7496208021179
2650,-773.4515931390101
2651,-2972.1422223937766
2652,-518.3586487733735
2653,-627.8362746779247
2654,-643.4716332624541
2655,-1278.277324175306
2656,-494.3269215038193
2657,-857.6043468427648
2658,-478.8030741217134
2659,-483.4980877733823
2660,-678.6018994083206
2661,-725.5476076185843
2662,-650.5074360349286
2663,-507.72489168952296
2664,-485.630154491453
2665,-1004.3279330623981
2666,-507.39623510748953
2667,-773.5832063542359
2668,-821.5760299824221
2669,-645.3433244546734
2670,-1142.8342652917472
2671,-704.6136870465062
2672,-743.1153736035994
2673,-554.3483365530467
2674,-769.14688168441
2675,-2703.1806222309947
2676,-615.9629990674191
2677,-712.2532922710369
2678,11.951685886188585
2679,-495.5694354839975
2680,-1235.8997881499843
2681,-617.5061645787629
2682,-590.3863006967583
2683,-575.7759422881032
2684,-581.0099578779909
2685,-564.4649060991469
2686,-876.4432425129289
2687,-530.3265003331239
2688,-775.538593184317
2689,-619.1758129338708
2690,-915.4304823877077
2691,-1111.4342937048023
2692,-473.8150120832203
2693,-574.2268046874926
2694,-3333.629261603665
2695,-1331.0341087759014
2696,-5837.537068046312
2697,-5174.023506441894
2698,-494.57179399700834
2699,-911.6694132155276
2700,-644.8616857558011
2701,-607.0092881578586
2702,-659.3290259357036
2703,-565.8697557233147
2704,-535.1594651463533
2705,-590.897561942103
2706,-892.075964721316
2707,-615.2965688846576
2708,-870.102300074279
2709,-1696.4496823532938
2710,-1861.8426690968413
2711,-657.4967928573072
2712,-546.4979741721284
2713,-577.9618269052069
2714,-548.8837632192642
2715,-683.8849513179915
2716,-617.4112882752142
2717,-897.5328455904719
2718,-1011.2342342679726
2719,-1013.2206924245384
2720,-630.728782046747
2721,-459.65037440147717
2722,-751.0891470747499
2723,-625.8480918412
2724,-516.6958837936236
2725,-573.3994291290588
2726,-566.5471158137785
2727,-624.2413342479878
2728,-631.6458659559072
2729,-241.64731164575514
2730,-554.9187052702512
2731,-738.8221329881948
2732,-1335.1674874431546
2733,-906.9995901896801
2734,-642.8627715165721
2735,-507.8634258719854
2736,-1181.9808664047318
2737,-1240.4581202418444
2738,-523.9020450080632
2739,-1280.8838396597778
2740,-497.28497933144064
2741,-823.6726750068434
2742,-131.37519718512922
2743,-2580.5983567111707
2744,-1171.689589290474
2745,-1249.4849321777117
2746,-478.28840133738385
2747,-1235.0981136100834
2748,-718.9959832981749
2749,-494.9402110499071
2750,-75.24452351387417
2751,-368.5470298956718
2752,-713.3464900262904
2753,-1188.2864605882844
2754,-1063.1620287060327
2755,-1025.6790702294777
2756,-1445.8089605296623
2757,-594.3369426793863
2758,-853.9444092546454
2759,-429.64287764247314
2760,-681.6291140932399
2761,-636.7029861692795
2762,-920.2608794644411
2763,-760.1910045497204
2764,-425.23428360606835
2765,-1494.7733090549189
2766,-530.8492558173534
2767,-1047.4934679505145
2768,-1299.4163144539375
2769,-521.3411129573559
2770,-660.4255716963376
2771,-914.9822103172387
2772,-1055.218397439197
2773,-506.2569896212285
2774,-474.88655710568344
2775,-421.6964562922595
2776,-602.7637425533975
2777,-709.1849553730759
2778,-1189.1099658540961
2779,-541.7003607600902
2780,-860.4585311104335
2781,-462.0909771467632
2782,-705.0760899891204
2783,-651.5707588109532
2784,-912.7699112512363
2785,-613.7835213757297
2786,-619.5435883426762
2787,-2370.541829632017
2788,-601.7851901739291
2789,-896.1872847611542
2790,-3566.3988684301903
2791,-584.5899718241865
2792,-519.3706650073547
2793,-492.02583565743726
2794,-466.25333768244917
2795,-681.2370003685307
2796,-768.784825549407
2797,-608.1695734480414
2798,-668.6730407783489
2799,-505.71749564564556
2800,-588.6950965374533
2801,-496.13391279245343
2802,-669.2339475131082
2803,-2194.6099965991834
2804,-831.8781214775607
2805,-577.0762995742409
2806,-555.1048064798779
2807,-565.5552898955391
2808,-529.3667651286893
2809,-906.6525177608911
2810,-625.6271004278232
2811,-858.8552914151343
2812,-611.3704797220996
2813,-1477.9888489092934
2814,-635.2472783350294
2815,-683.8872439350814
2816,-525.5053720451422
2817,-629.5801571780981
2818,-543.7618984577467
2819,-485.16091011805383
2820,-1859.0281418337393
2821,-529.7258334749009
2822,-663.637166574024
2823,-735.6728073081622
2824,-2602.37605883138
2825,-6568.384332246648
2826,-753.413498283251
2827,-929.8701473640499
2828,-655.6798935968889
2829,-615.4348062859092
2830,-697.6585503386017
2831,-586.4357731509958
2832,-592.9553069117414
2833,-402.6747331005974
2834,-2968.679543765913
2835,-427.0955305365723
2836,-521.28337415056
2837,-938.276395716703
2838,-738.9796921815146
2839,-472.63220163397
2840,-547.0272009184029
2841,-52.46741068815125
2842,-1171.7573603439391
2843,-849.7893808264323
2844,-532.0807726371963
2845,-716.941074859254
2846,-39.380848741085984
2847,-1138.0028572386761
2848,-4.446150021155802
2849,-605.4863887765497
2850,-535.0848160607188
2851,-1062.0628751330323
2852,-1812.4197663358148
2853,-66.6764764341213
2854,-441.7728438456035
2855,-424.0071399675342
2856,-560.4879749830852
2857,-677.9562432751226
2858,-504.25767782308696
2859,-284.32623354823704
2860,-14.860058394207485
2861,-598.4735171329954
2862,-480.2741476422861
2863,-607.4271462284952
2864,-610.5382593606553
2865,-612.326921731539
2866,-706.6736715102572
2867,-1990.1397458004715
2868,-652.1327925173092
2869,-875.1539307663738
2870,-617.2066958916528
2871,-414.80146616336054
2872,-752.5319995322483
2873,-1940.6165509812276
2874,-808.7936989017111
2875,-506.29788048638756
2876,-957.8606397229788
2877,-796.1417833365064
2878,-792.5644990229512
2879,-998.1216941608146
2880,16.246559137992136
2881,-699.5726797327476
2882,-1454.648339506502
2883,-550.0978375670314
2884,-680.9277502231795
2885,-686.1963062992393
2886,-962.5345935843618
2887,-11.2217676976246
2888,-696.8345717238552
2889,-675.1588742145217
2890,-995.1946056836973
2891,-554.6920436043099
2892,-849.2752932120744
2893,36.802132735319816
2894,-999.5537631579069
2895,-1233.9394426369818
2896,-680.137860905853
2897,-841.8832231468236
2898,-697.209102113246
2899,-609.4927172974087
2900,-710.2497749609093
2901,-625.1912946661591
2902,-802.9561366137509
2903,-651.3623411760294
2904,-1135.7356421244929
2905,217.446918313632
2906,-1846.404457249869
2907,-1015.803654209117
2908,-1940.5024862588161
2909,13.523675587790265
2910,-585.508879216955
2911,7.390740440311234
2912,-29.521049811633958
2913,-1092.2119065138481
2914,-892.5232013360585
2915,-1255.5852381863276
2916,-567.8504565067152
2917,-345.1608115401659
2918,-46.17629840710876
2919,-641.0092467575582
2920,-1300.1625521422386
2921,-44.69788213758957
2922,-43.808722522774815
2923,41.68074261060238
2924,-47.7443194632025
2925,-1403.1961409929488
2926,-103.1666634518185
2927,-565.8082364854392
2928,-513.8133639625041
2929,-791.4030496335115
2930,-66.31812257142826
2931,-526.769204291795
2932,-1160.41839331981
2933,-727.9348255836784
2934,-699.3773211390637
2935,-71.72546617384756
2936,-972.9440877889239
2937,-692.1637856753435
2938,-601.1615758847674
2939,-28.399390698845508
2940,-852.3968473647185
2941,-68.28068580542558
2942,-2419.5317865865873
2943,-570.2830431714971
2944,-1804.715577262636
2945,-735.2808030304202
2946,-1275.9800605142977
2947,-532.4832139575735
2948,-511.8303694200092
2949,-587.4906242048561
2950,-651.3147865480151
2951,-106.06948769769637
2952,-729.7522673660301
2953,-70.00622828501513
2954,-70.29350566941221
2955,-581.7833956566313
2956,-127.0168887512377
2957,-96.87970361285491
2958,-3090.5111474607234
2959,-17.40228527010764
2960,-637.4872611773438
2961,-709.1343949904817
2962,-477.38292813835534
2963,-632.9096625185528
2964,-451.8145344624062
2965,-843.4354458774772
2966,-278.3981621344608
2967,-618.4285806092252
2968,-824.0029930754444
2969,-547.6457295659804
2970,-567.2666691793844
2971,-2730.8229866168112
2972,-762.1482176911109
2973,-81.03745462437084
2974,-74.88390894549093
2975,-57.395929172890646
2976,-517.8123866504138
2977,-89.34459937147436
2978,-517.8525692247529
2979,-275.0937850927739
2980,-977.4131893580668
2981,-652.3297765705604
2982,-539.2914976304556
2983,-4181.040680446549
2984,-538.0514602782079
2985,-645.0478303164379
2986,-682.6231034874733
2987,-755.6187890932187
2988,-883.2078086813436
2989,-63.46892233169744
2990,-987.8955602300178
2991,-685.5530783319241
2992,-129.31157029123872
2993,-1029.6335187988552
2994,-605.5671885188938
2995,-684.3247009591504
2996,-785.2815889695067
2997,-1090.1427885242556
2998,-1798.1895842505733
2999,-889.8640949403011
3000,-61.52128091811194
3001,-465.2597323214963
3002,-593.9921837102258
3003,-1401.186130451837
3004,-619.8276946376391
3005,-702.4224361562459
3006,-1804.675579328278
3007,-567.0850738135732
3008,-92.77415965847362
3009,-52.79150840278797
3010,-517.3154904190366
3011,-683.2903764500797
3012,-113.85115753804617
3013,-549.8962223390986
3014,-95.45189848676367
3015,-80.52221400187678
3016,-852.6785541152585
3017,-84.06126524474189
3018,-736.4707014659735
3019,-86.4981968002719
3020,-102.68495289666271
3021,-103.24100360508021
3022,-695.8906627271525
3023,-463.94084852439124
3024,-646.7411112938779
3025,-157.52921287706675
3026,-728.3085599029215
3027,-752.6593318163242
3028,-794.023716930411
3029,-1305.6170466555495
3030,-817.3439478510495
3031,-682.1872339785042
3032,205.20541582081245
3033,-158.80847023190876
3034,-49.00078639932
3035,-690.0824289876681
3036,-32.91407462040732
3037,-80.78808389378396
3038,-571.3948530495093
3039,-74.31690554653235
3040,-415.11240465659813
3041,-34.56217051548026
3042,-855.3536327098193
3043,-96.17826736601539
3044,-17.923814623586438
3045,-47.891939830372905
3046,-121.04124815576715
3047,-100.34779468470386
3048,-126.87155634789099
3049,-55.17071632221871
3050,-163.62119493389238
3051,-168.6844994301831
3052,-127.85444120746746
3053,-161.63303818075588
3054,-980.7794763261749
3055,-174.24730837362893
3056,-167.60000859240512
3057,-211.3043136931514
3058,-294.16058494591545
3059,-763.4718761642383
3060,-205.7729680663914
3061,-191.92867044753288
3062,-315.22841385371066
3063,-200.8718154033554
3064,-320.59364693481643
3065,-152.11983565843548
3066,-164.18636963656812
3067,-156.1661154068446
3068,-561.0179520523384
3069,-184.0816365931652
3070,-418.9556621293381
3071,-207.86533163025302
3072,-178.28139456901533
3073,-223.91598291458354
3074,-160.3137414714002
3075,-385.71614239134243
3076,-9.792534465157388
3077,-6.739953430937277
3078,-129.3678178726164
3079,-131.26518615556733
3080,-110.25199280398046
3081,-322.89273525532496
3082,-21.445503089880546
3083,-658.345460732524
3084,38.40014858657086
3085,-31.53268540243822
3086,16.86697838041414
3087,51.05194391323469
3088,-28.270739131106097
3089,13.858142841636038
3090,41.63536718301484
3091,110.72403476831116
3092,-32.18254482203372
3093,78.39273096693742
3094,-509.1085230037592
3095,61.31460876726974
3096,-61.783076166628206
3097,12.632164707725197
3098,102.9161879164833
3099,-16.59154831230613
3100,58.36845900907973
3101,-74.72355610565255
3102,-86.10336402505186
3103,-97.58578281467629
3104,-66.48026579206297
3105,-24.39782152054947
3106,50.14639480061098
3107,-62.52123713210736
3108,51.96772125378726
3109,-32.95026083628392
3110,-74.51824525041307
3111,-48.79522721127542
3112,85.56939755790744
3113,-77.08819165425311
3114,-82.11248761786567
3115,-145.86445394706485
3116,-52.8627985849639
3117,19.194928822599337
3118,96.2559693362606
3119,119.10376748503188
3120,-23.081337549069982
3121,18.44258484412454
3122,59.65253696854569
3123,-12.420112638203364
3124,246.35471596064423
3125,-89.14438670901475
3126,-25.844706942274883
3127,144.57779242323832
3128,3.888959708238873
3129,163.1500962885541
3130,-107.23774768942056
3131,-82.25650030879304
3132,-31.270234664224375
3133,-16.929292734702727
3134,15.822046556318853
3135,-131.24598663528877
3136,-98.0931332378486
3137,57.315578760239205
3138,38.481785024546035
3139,-134.57650447991472
3140,122.00011300793085
3141,17.180378871525917
3142,1.598676467168768
3143,108.751363741558
3144,8.59303259403687
3145,53.157288303651626
3146,-20.19633673157213
3147,86.65972956238343
3148,62.34199331306327
3149,131.8770903461897
3150,135.1663896173656
3151,160.9062693168345
3152,265.6939654102921
3153,120.95699275247595
3154,136.04907799022433
3155,73.83189872755781
3156,-70.44819225515043
3157,187.62935569062367
3158,5.386376202565955
3159,131.45968717486085
3160,-32.811392424093015
3161,73.95691524410373
3162,146.02757089737506
3163,42.32630058705976
3164,120.44565347751751
3165,12.094665924581562
3166,-66.87588412873237
3167,-15.856561628021936
3168,132.45112665630143
3169,-61.562023549464826
3170,205.69273394840184
3171,25.677979213073044
3172,-57.91732936199202
3173,65.6775923362204
3174,103.3791875736876
3175,-17.651070110753473
3176,148.73997331229947
3177,-63.87225252496047
3178,23.312175774462045
3179,-8.356500906294869
3180,113.12970479623002
3181,-47.20365926807834
3182,45.86744834141001
3183,-25.21278587858643
3184,91.68862369944182
3185,-24.83630431484768
3186,-8.784751947806669
3187,66.89119468019553
3188,4.255372776743087
3189,46.451810316418666
3190,-61.66833371003207
3191,-77.6713205385232
3192,83.05484605967197
3193,40.06845959547903
3194,26.027448007835755
3195,67.04153756187169
3196,-139.34300368331424
3197,58.409767546290624
3198,-17.136831333973575
3199,-60.40722289091924
3200,85.09692748084723
3201,101.87427049646642
3202,143.914871573379
3203,68.98251688970612
3204,-72.40412704237633
3205,-79.34369249045304
3206,36.346582748479065
3207,142.82188851611787
3208,84.61943749277916
3209,30.134823731067637
3210,148.7684278946189
3211,104.80626784469302
3212,118.24063826215249
3213,125.6886894199784
3214,97.13728549660773
3215,111.95390113933091
3216,113.13837817175192
3217,141.5944440221543
3218,18.978533654566633
3219,117.26036641812817
3220,143.1291022184652
3221,99.33707340753566
3222,117.79593127987114
3223,-113.99352118998115
3224,153.2004315334161
3225,123.45713290334515
3226,135.29891125418675
3227,105.01710525401349
3228,94.29918393261033
3229,126.58527431748809
3230,129.81032080795603
3231,41.89395304251141
3232,-5.7497290809868815
3233,18.63999907697584
3234,7.408022787466749
3235,163.20992320241356
3236,89.84900136131446
3237,121.97348518468178
3238,136.87247768099778
3239,119.95433719071204
3240,51.67506967702283
3241,109.94077707543697
3242,103.46889569295747
3243,72.64838039102631
3244,137.623728649291
3245,52.36175145969527
3246,87.82893337585398
3247,76.37288895509755
3248,96.75984537166661
3249,130.8322617916517
3250,73.96826831061684
3251,81.63748528907456
3252,84.84108167781486
3253,118.79381329267825
3254,159.94099106038948
3255,126.25943789578963
3256,144.57166480136445
3257,154.7270404976853
3258,115.67437813660615
3259,97.70244581346077
3260,47.08886402080327
3261,141.59567041020313
3262,148.16903682174836
3263,108.4511608281313
3264,139.5869720499395
3265,107.38515489780015
3266,120.65598869982624
3267,100.94799741830049
3268,116.47863513365763
3269,165.35628432487906
3270,128.03519590958373
3271,127.3185745734822
3272,117.312229731895
3273,131.06536832241795
3274,150.16775031264322
3275,137.3036250897171
3276,142.06471536505805
3277,161.63078621689408
3278,118.42658150995004
3279,114.50675673119457
3280,131.1080453247413
3281,13.648292699977318
3282,114.73147565428609
3283,164.03226388351453
3284,143.56800298797177
3285,201.62877506398883
3286,135.5558544840249
3287,154.8987685251833
3288,140.92438363801537
3289,130.3308270327419
3290,-33.997978508420545
3291,142.86918320516776
3292,141.23876841667345
3293,99.63675937194286
3294,143.31585580886704
3295,126.18624711463116
3296,20.042729127564996
3297,136.71400394379856
3298,151.9561610074748
3299,24.091862718772205
3300,111.53195436684501
3301,140.2061600719479
3302,89.07952254734562
3303,88.13978283654923
3304,142.21645315688764
3305,137.6696988627707
3306,38.144727974614625
3307,143.46405602762874
3308,4.027372186641969
3309,94.43124753064463
3310,102.60045569346596
3311,106.86793473892902
3312,112.07864707264703
3313,88.06580135221682
3314,95.22577660978737
3315,141.55458713315997
3316,134.12356271422763
3317,131.82197403989076
3318,203.53343812153827
3319,71.05817000492972
3320,141.45406111268986
3321,104.66492434659409
3322,-46.899785653029184
3323,138.8112265976917
3324,25.679023159080188
3325,126.72373332520304
3326,135.61320193980998
3327,104.20708755783582
3328,142.11972074249715
3329,120.5938506652634
3330,220.20203836727376
3331,-32.65516424996768
3332,116.73058854136447
3333,-55.48216720227515
3334,126.21253816012775
3335,200.53678705597108
3336,86.74231093128436
3337,122.2403308348947
3338,57.055475645932944
3339,108.43659959436125
3340,119.963424604175
3341,82.19970572287448
3342,110.29983088377584
3343,49.92020444805178
3344,119.25476218452859
3345,98.37802099335224
3346,116.64663581955705
3347,119.74288841868221
3348,91.05996713469737
3349,-25.839524237363918
3350,125.95608090079108
3351,146.4117902578071
3352,-47.1228612004912
3353,-32.93969429050149
3354,223.91508866116746
3355,46.21508653824307
3356,-3.895000568467438
3357,169.6440566010292
3358,-245.32625312839346
3359,133.21778031896756
3360,-35.861318306232775
3361,103.52190438819679
3362,-78.26913498340286
3363,101.16802300941218
3364,134.56647716301836
3365,134.466453433743
3366,-29.812765900020395
3367,118.92634424907477
3368,22.2611829160833
3369,109.8452255583219
3370,102.55673523131989
3371,-22.216311904331448
3372,146.1222621850885
3373,122.13907065301758
3374,119.82077773642223
3375,144.35235102481238
3376,201.29612716731572
3377,-59.17720530222027
3378,86.66977209158685
3379,53.43488259817954
3380,-24.779171379600484
3381,128.2418728548813
3382,-42.0816054446078
3383,123.8851118665257
3384,136.82067732497853
3385,193.25828205284643
3386,-56.83746295556659
3387,119.33804559907162
3388,159.26008551323952
3389,30.698772217524407
3390,93.47465460595024
3391,198.51867454140756
3392,152.55354039500963
3393,179.6691198071535
3394,88.53415435675686
3395,54.45065579069919
3396,134.2840322063455
3397,150.86597261369067
3398,190.5988603400154
3399,64.30624430126062
3400,100.02811548320234
3401,108.55088854551268
3402,195.97159933180117
3403,128.59746989448126
3404,55.24500913316627
3405,-35.10389339907306
3406,106.53408353978077
3407,81.55037603385684
3408,-53.68772986895683
3409,-14.941061560437987
3410,54.74644743932975
3411,-37.99530266907131
3412,201.92399555370275
3413,213.8502332105519
3414,176.78089695396167
3415,126.6133919802572
3416,-5.918887894613363
3417,121.7408519577652
3418,108.0039054163181
3419,184.61191591743517
3420,104.37591046857625
3421,53.78526441390954
3422,87.83527255490277
3423,186.86919935213746
3424,133.82613032121992
3425,126.87022815274283
3426,125.21774586663027
3427,74.45365269441552
3428,149.18734793839715
3429,177.81429596315516
3430,220.30019473278065
3431,-33.30135396366424
3432,109.61904432583738
3433,148.00717961723979
3434,129.53292260853334
3435,-141.2750209320832
3436,46.65278600733781
3437,82.9573959685904
3438,129.3804857106819
3439,143.52503557892913
3440,89.4295705463091
3441,118.20494250780486
3442,-57.53379026090687
3443,141.86351947846316
3444,90.93981099915806
3445,136.4048778889011
3446,118.91266917659989
3447,124.71554404069435
3448,113.81749824129518
3449,54.309538704898
3450,106.90509923008372
3451,95.39283385690861
3452,226.40521173727936
3453,202.31999965873024
3454,145.08066671675832
3455,89.66230180989147
3456,250.1162336065752
3457,155.9622355275681
3458,149.91202168025276
3459,118.77710470185332
3460,-42.79185314547729
3461,152.325848807342
3462,130.08680470750483
3463,-60.07847429178025
3464,150.71134991275997
3465,143.1612386891805
3466,122.83045015654561
3467,-65.12071691966142
3468,142.30351233534475
3469,83.5112753907285
3470,112.46230809415573
3471,156.34964740402347
3472,132.7504154459849
3473,147.72616381880601
3474,120.04544159663406
3475,134.18505879346645
3476,112.11101797806853
3477,115.29079844077225
3478,115.66933449683344
3479,136.79127207397872
3480,128.65219086281425
3481,135.6522766699388
3482,81.86789257957729
3483,158.3207251800022
3484,-12.068432080489913
3485,133.1089196210931
3486,-79.33577916604405
3487,176.02693019866712
3488,137.37111101493593
3489,129.1019990613888
3490,-41.73730816682416
3491,81.49028507066728
3492,121.58351500585621
3493,146.89272925105556
3494,141.14900172091177
3495,147.9060752002774
3496,145.75290059187802
3497,-225.63587966559194
3498,106.51212860746168
3499,207.80287247690273
3500,151.00323677115296
3501,-63.09975273785972
3502,117.92696841592539
3503,143.06933686269772
3504,164.45558867721593
3505,163.77716478303375
3506,-14.366724565127058
3507,-33.54863020053875
3508,127.21870410776762
3509,-14.31150669303156
3510,30.753939141240807
3511,196.55616799819558
3512,91.18589879094237
3513,126.80644621421014
3514,142.89258347181757
3515,-8.813291442260208
3516,140.92154110819894
3517,158.58360254040068
3518,219.55214976922022
3519,218.95567295183474
3520,118.92525211909823
3521,18.546550759380125
3522,96.42969808948195
3523,177.15020858956854
3524,-60.41197150263659
3525,250.6941050875749
3526,-57.57727550211888
3527,129.01999272946614
3528,105.49465326684552
3529,-130.54392366554254
3530,123.62055945682869
3531,117.88371957792317
3532,157.2946765546221
3533,115.58490592829715
3534,252.87801126667688
3535,124.399700750841
3536,-50.3052422837645
3537,124.68915548908261
3538,137.65001227088652
3539,-94.56601443373941
3540,-72.06252719487591
3541,177.63342693621195
3542,101.12805520873954
3543,168.7024108219157
3544,-69.16307964912974
3545,206.2519044101187
3546,-68.9175786255595
3547,233.40985437458164
3548,-18.729186463295775
3549,137.4851521583525
3550,151.77922686423017
3551,148.93799587692533
3552,151.1445012996806
3553,133.98388753391202
3554,-61.12355865558732
3555,-73.2614689880667
3556,101.6424214114899
3557,140.0019701655802
3558,129.2218743154569
3559,157.40435983259113
3560,9.939561547446829
3561,51.607650017275034
3562,152.21601376882836
3563,122.30220232237538
3564,141.11567325009207
3565,140.76781766484325
3566,129.40295668831547
3567,158.15324508291155
3568,233.32305020171577
3569,142.1637360321293
3570,124.52500162098704
3571,6.957012874923606
3572,198.87682058013564
3573,-28.22843675826556
3574,3.8532471981223892
3575,82.77666442925987
3576,107.20293024624308
3577,127.15823923905124
3578,147.42921075690379
3579,-1070.5781264628008
3580,156.40572476295856
3581,120.14235346963216
3582,222.31510765959322
3583,24.78595195685983
3584,31.820521981455897
3585,98.42797063630097
3586,102.17400421271694
3587,75.12022939644753
3588,116.78993231723095
3589,57.7634478935272
3590,89.38645503204648
3591,117.79217716610314
3592,136.4786914708829
3593,74.84916768267158
3594,105.32371085611612
3595,130.41540581627692
3596,130.50801492088303
3597,137.80574277319118
3598,118.67959604325259
3599,129.1735458617411
3600,145.91096997730122
3601,98.26369110605235
3602,95.11227822646826
3603,145.52032553266065
3604,130.40717080835023
3605,110.10437271741176
3606,114.20369559801657
3607,95.04139269680782
3608,110.37547561280505
3609,114.57692756518802
3610,147.73760040438185
3611,114.25361146411177
3612,83.01696222672925
3613,160.70814655115285
3614,137.99282044059458
3615,139.60200902695402
3616,114.53811872929376
3617,149.7552366263051
3618,145.65310986797493
3619,86.37492657351689
3620,138.4079926830705
3621,140.52713352962158
3622,116.64603617818972
3623,82.06270571373996
3624,126.51052453700967
3625,69.59401993071508
3626,130.8729017341814
3627,116.38572512232031
3628,104.7472479626451
3629,181.5183009622629
3630,199.49204223048332
3631,-9.872573617059743
3632,91.75500487203274
3633,140.99447786806422
3634,121.1337224316491
3635,147.49756555782315
3636,77.25948286073466
3637,109.1348919987499
3638,118.56942942800127
3639,115.23842202841865
3640,-41.76003837817403
3641,122.08404598331292
3642,105.47315131614668
3643,107.12770205089284
3644,110.37847090185583
3645,130.42039374326203
3646,107.6893450947517
3647,111.40863115047054
3648,107.62204750523968
3649,111.53671928301887
3650,111.63066854273626
3651,-33.03138352959384
3652,192.3321786075207
3653,174.52353784843973
3654,-8.083523280957053
3655,100.82249371017427
3656,196.20278973762635
3657,223.0886942104162
3658,114.21215905380102
3659,144.86057719194793
3660,186.08323921994162
3661,-57.94991101868982
3662,142.13910878257045
3663,229.75755586414886
3664,107.96154244958733
3665,183.93798132863145
3666,106.25264444613343
3667,207.7577475654396
3668,128.24917796247473
3669,-36.318831291712414
3670,222.14938476871447
3671,93.88305917638257
3672,89.45432603196444
3673,-42.11004939924028
3674,93.94220523807772
3675,183.16795416033784
3676,190.60034629867326
3677,-43.515158013947996
3678,-68.80954745129263
3679,143.4925847703652
3680,185.31648308389552
3681,124.39704229299143
3682,104.46540408638901
3683,-29.212846359593442
3684,119.070487301168
3685,129.73040664684234
3686,130.39793430580823
3687,135.52809806815262
3688,139.58432256253047
3689,154.18632132289406
3690,134.68124534259857
3691,125.71861892663811
3692,127.03230847527821
3693,118.79076983198136
3694,119.65047353490539
3695,125.83174360059914
3696,121.0445668348922
3697,119.81870162482302
3698,126.09344661031527
3699,102.93701533277515
3700,-9.348252788467121
3701,-62.38488524462464
3702,147.57717745816635
3703,85.65472387913361
3704,185.25616964040728
3705,108.6056819298521
3706,100.68138071993083
3707,125.24620021943369
3708,102.75614094589649
3709,117.64092593614556
3710,201.13537944268094
3711,83.71943459617768
3712,130.5908106610966
3713,141.1996461037639
3714,154.62827340098212
3715,130.64928645671728
3716,107.65087254908494
3717,124.12530186728458
3718,225.65244242654913
3719,106.03182641651588
3720,198.35586873514023
3721,84.37955463979294
3722,85.83478294295824
3723,98.49255360827021
3724,81.96877941486855
3725,92.8939076745963
3726,107.92148723742508
3727,101.0330061948614
3728,97.11114747723656
3729,217.71807256188544
3730,126.77053309172881
3731,202.095622807153
3732,122.6313723978106
3733,120.28410766662552
3734,124.50685198346804
3735,110.34586418430563
3736,115.73962909168476
3737,91.7460994155672
3738,137.1230259730461
3739,89.36663534474295
3740,119.89519896464373
3741,159.17870899510456
3742,106.20689313538551
3743,139.022716489375
3744,96.89332018336353
3745,127.90703765496893
3746,120.40660172983384
3747,140.37166948932628
3748,121.506998083025
3749,149.61095905607615
3750,161.91170237458954
3751,142.52595188238928
3752,142.1106833256588
3753,127.19359599678015
3754,126.02945713574914
3755,9.29645726245549
3756,138.30706382350812
3757,180.8371850109511
3758,98.34881734834636
3759,147.87745594471977
3760,148.98406404565137
3761,124.7492061772116
3762,134.82002274820144
3763,117.75646848519344
3764,115.9156503697931
3765,112.27911670293844
3766,113.52353163912838
3767,132.91359034961891
3768,127.89727621993336
3769,249.81360368792548
3770,261.8560344520498
3771,250.32905621734756
3772,209.90964860182635
3773,244.90514971761485
3774,232.04976579342065
3775,243.8172428979942
3776,114.2155237680681
3777,215.7057688226406
3778,214.57064678645838
3779,207.40558963603925
3780,236.42890237733008
3781,273.45922351190245
3782,228.88132136104934
3783,243.31565789889066
3784,244.83813001942877
3785,234.89615180311708
3786,226.06742524672006
3787,8.644222396918195
3788,238.89204959459667
3789,41.72718546399085
3790,255.75623898492685
3791,200.34901026621577
3792,256.0958764547685
3793,236.7515989503787
3794,258.01887144254886
3795,236.60797342466225
3796,191.7958253988045
3797,-282.40994448728486
3798,234.85067175921725
3799,238.87251838520427
3800,246.371067054631
3801,268.43420997069904
3802,240.12453197839866
3803,8.364676985615858
3804,254.01336704452302
3805,215.67910831976837
3806,238.77776650742666
3807,269.15493753979274
3808,206.5406217121421
3809,-344.00932625155525
3810,88.63001020920962
3811,236.4751919488955
3812,222.124608368228
3813,275.43545432848634
3814,269.4066939836582
3815,245.05551699893792
3816,20.06998792502941
3817,213.7851626005655
3818,253.10044861430453
3819,228.08787306736997
3820,251.36935649868568
3821,259.67125737611286
3822,222.6407662487623
3823,268.0506991951821
3824,247.37349993722367
3825,238.15219723878272
3826,227.73530933939728
3827,113.07509318951728
3828,244.43303640133612
3829,246.22764565134608
3830,248.9377218334225
3831,124.89922714021165
3832,277.6670835056432
3833,117.10727280148234
3834,216.91094281377246
3835,240.12760667952568
3836,251.60633779377304
3837,231.76130991099143
3838,261.6678501925023
3839,228.6456737243249
3840,256.6277677717164
3841,244.7883255839511
3842,255.0146940922225
3843,243.1118795579155
3844,234.33282282933325
3845,239.72742478956786
3846,219.85536205066913
3847,-294.9498833492149
3848,74.33098559899538
3849,252.4496627121541
3850,262.9777101454824
3851,247.1862705684157
3852,248.63602654408666
3853,236.0258374739909
3854,238.40993184486106
3855,220.19967744431128
3856,256.9409980413626
3857,270.2653543189899
3858,231.0623172847205
3859,248.9733441386692
3860,289.25330177947575
3861,217.23033397811616
3862,223.22866668633628
