,Loss History Value
0,0.1542712071339296
1,0.2725749796565207
2,0.15142180982923556
3,0.6134858075300198
4,0.45962032617118825
5,0.4510580831865421
6,0.36534140934435205
7,0.35814681765080364
8,0.23212910153208546
9,0.2958388086367273
10,0.07521463815394917
11,0.5984230769049548
12,0.4452846844215855
13,0.4747239898865976
14,0.3428576766704844
15,0.45387360157367773
16,0.3914469305196325
17,0.1646523794073171
18,0.2950734792335603
19,0.38936963848483624
20,0.324710057462631
21,0.5576463634055319
22,0.4044794953765221
23,0.392969552184164
24,0.33267798508244756
25,0.35439882364091063
26,0.2689879205482906
27,0.3355304755347571
28,0.2860264204446045
29,0.20670890383074594
30,0.06040382742193401
31,0.3363345661236802
32,0.1966428698421127
33,0.15122372224396943
34,0.18160192918895765
35,0.028104144784839743
36,0.579293675100813
37,0.3411577464855174
38,0.44489183717646746
39,0.24133615131295852
40,0.30398240192828785
41,0.07990375027902748
42,0.34425129648478586
43,0.2434177924192862
44,0.29629271828434256
45,0.299676526867592
46,0.13732141108261176
47,0.08700704894634691
48,0.30180310106489844
49,0.17488197669761774
50,0.19417354878763268
51,0.05286980770331306
52,0.12226752945566574
53,0.39051114813721033
54,0.45313440833422375
55,0.19507629942091945
56,0.20182513846841016
57,0.12953744474971018
58,0.402861134284624
59,0.22317786257960262
60,0.14488924400403588
61,0.14871720014387388
62,0.09220750283416511
63,0.09794564631112405
64,0.18550610834364556
65,0.2045678481573186
66,0.22822210870974485
67,0.2322842552233477
68,0.5403402949690052
69,0.15443069471887094
70,0.22260027361590976
71,0.16306328971222417
72,0.4943022067784329
73,0.20397157436937502
74,0.07010700665573001
75,0.070097389985633
76,0.3023067124562113
77,0.11959605562089248
78,0.22127971480201847
79,0.32365400612159173
80,0.12288585256130437
81,0.10422526724085611
82,0.4298941181201773
83,0.263758432351705
84,0.3570943693811953
85,0.12359658832965544
86,0.34125167461270983
87,0.2880441735381309
88,0.34137307097416364
89,0.16462758696815724
90,0.228369656018004
91,0.4112284219376472
92,0.14384557780328702
93,0.1301688230583316
94,0.1774679436346048
95,0.2702724587087403
96,0.08945054192312718
97,0.08585000289781215
98,0.16257438585822936
99,0.06475534965044505
100,0.15242370229249091
101,0.13290590405082692
102,0.08057847547690179
103,0.25597128082154147
104,0.2638091833363759
105,0.16999522189928673
106,0.08177568830796471
107,0.06869188797707848
108,0.12123603086045112
109,0.034604127395736796
110,0.12229747085470549
111,0.2124716687046275
112,0.18923587941887546
113,0.06947606692366164
114,0.15005169253177666
115,0.11907950056844885
116,0.1435592137493344
117,0.06458938617375473
118,0.06581911590214504
119,0.05939920830606054
120,0.04859634186890704
121,0.07730765784878173
122,0.05460561049666803
123,0.04489447069149281
124,0.06484817518051093
125,0.11169132725735775
126,0.050889125203806895
127,0.04376162663808544
128,0.03644646822641151
129,0.03142656101172816
130,0.10975672930958574
131,0.03869084106846745
132,0.8813097987167283
133,0.2151461784641928
134,0.14605410516756295
135,0.29741147635805887
136,0.2702406667487923
137,0.12078453246623296
138,0.19930425476279806
139,0.13018446725531976
140,0.04025534057769143
141,0.19641712905654102
142,0.23250303079405382
143,0.11214741017937636
144,0.38376232173955854
145,0.36034486062072824
146,0.1527350443499904
147,0.19433168078937638
148,0.7555653168623971
149,0.17938385789165046
150,0.23043787285560127
151,0.4321210918355555
152,0.08937517240380706
153,0.05553020852328823
154,0.22553229629134017
155,0.0824348433546685
156,0.2522368484864983
157,0.16489955556632627
158,0.11081967500539817
159,0.07619036917490778
160,0.07530944670162124
161,0.07166590352085299
162,0.1130776977915935
163,0.06518787135377538
164,0.09521395477562983
165,0.05124219915726508
166,0.10615751611793786
167,0.04090783840670515
168,0.4857637291014263
169,0.3352099607599263
170,0.1925316512528416
171,0.05153348435642963
172,0.031141736374923283
173,0.02483831983065402
174,0.07004104674168625
175,0.15860066667635495
176,0.09100790803958553
177,0.054198774860974915
178,0.20773458049676594
179,0.17215040709482124
180,0.11016037267065877
181,0.4042144844747324
182,0.10534054609946496
183,0.39576459094226324
184,0.25099923190929346
185,0.23684498059209474
186,0.3997786499161677
187,0.23680405366775767
188,0.12236042370587774
189,0.11334761635103492
190,0.215350113170686
191,0.33305745249278423
192,0.19966320224722528
193,0.3551904246734136
194,0.1843055354318391
195,0.20755423885663912
196,0.16812721398372593
197,0.4167864428043452
198,0.14943714432022717
199,0.18516552384303708
200,0.15727667227434033
201,0.1862513998785143
202,0.14981915093311887
203,0.27735280705277227
204,0.23002486653604523
205,0.18642528472570813
206,0.2105417284008503
207,0.18103775067263206
208,0.14798510643872037
209,0.08150618203606298
210,0.15209055247846998
211,0.09609062564014981
212,0.23844433692419897
213,0.18428686744000886
214,0.21884209813096075
215,0.17691396041263804
216,0.14365216052871757
217,0.2813285927999518
218,0.35224301350724035
219,0.18216831341354744
220,0.19770868794231555
221,0.10818309973248708
222,0.16545922509483954
223,0.14405572021993476
224,0.07842826483655133
225,0.07851811237082734
226,0.48777625953485015
227,0.23472241538310323
228,0.2411365713900483
229,0.332281227873409
230,0.21101935072282513
231,0.17263911865693504
232,0.1419930758319611
233,0.11633757127078459
234,0.0963646421876816
235,0.13989502744452187
236,0.15175379471196826
237,0.2324277739674471
238,0.1214614745964943
239,0.1237962775311344
240,0.14074507972927536
241,0.1659951699403532
242,0.14733396431806953
243,0.07267487439829166
244,0.20138999191406928
245,0.07895997019203481
246,0.22143245032313771
247,0.1669493534939185
248,0.39745097834695103
249,0.19087740970800693
250,0.11055101706475277
251,0.09019815197360616
252,0.29663875022145153
253,0.3526223909699864
254,0.20967544484324752
255,0.23006326105994526
256,0.16868765121827706
257,0.18542439236565597
258,0.2170734301765256
259,0.18866513704704804
260,0.18054000782446966
261,0.2236444323090157
262,0.1845116882000856
263,0.09138833006600112
264,0.24217214723602654
265,0.16180275232033017
266,0.06475313946022088
267,0.28097525093133663
268,0.053978606186355735
269,0.21106578662030712
270,0.20496836510797356
271,0.3730681676148142
272,0.2655626945748721
273,0.6468916840391695
274,0.2561974189142092
275,0.380375984226932
276,0.28149754769712093
277,0.2210677150904894
278,0.2717475715035541
279,0.29239863897719137
280,0.34777123217941996
281,0.4283025860964171
282,0.2296551112097115
283,0.18132722092670803
284,0.1840868347036875
285,0.28472725654409853
286,0.16502360768239627
287,0.41029390113902103
288,0.14832046920161823
289,0.22722590616500637
290,0.40835634205441823
291,0.2337717894843539
292,0.2922394654613064
293,0.2446285125979397
294,0.34974332467581126
295,0.3842052398359674
296,0.23110719086181797
297,0.3044918771826313
298,0.3362132812902089
299,0.4372966043661171
300,0.22427938089062927
301,0.29928980199769045
302,0.21647887393493842
303,0.25601634169139925
304,0.21368345458894106
305,0.22269314400556858
306,0.41068083506177766
307,0.21228016630014443
308,0.30562010117253824
309,0.25430222042579975
310,0.08676476028284871
311,0.40038080591448105
312,0.28819860809793385
313,0.3876484822812544
314,0.28063943518666773
315,0.27523891743730716
316,0.31755282711385474
317,0.2736048786676098
318,0.1791281982084723
319,0.23782604914783076
320,0.3096530180465523
321,0.09004568224741775
322,0.11890272103137159
323,0.11058888562798604
324,0.11519343972928638
325,0.05831107991676306
326,0.11855621116819058
327,0.13824760869904487
328,0.03598477979125151
329,0.1165185212029386
330,0.3480638939835936
331,0.17919747943669354
332,0.22528062444762126
333,0.11461690256576575
334,0.22562125697822888
335,0.10754938486110785
336,0.12176640991755294
337,0.09081385566978645
338,0.1984636245992143
339,0.12159935189790656
340,0.15582769333201157
341,0.09271339079074946
342,0.18708516955671897
343,0.3763481219376123
344,0.06379499047666587
345,0.06586307179450386
346,0.12203584599987836
347,0.3838287672709696
348,0.27669329223117467
349,0.11477778787089495
350,0.1484097265200589
351,0.1343464816138406
352,0.055547493266426835
353,0.2575092157248443
354,0.3759885139600371
355,0.24777310387416374
356,0.31293487341796794
357,0.2886490481840599
358,0.2799958450362437
359,0.32807427895075075
360,0.04784123130197151
361,0.025353404159418922
362,0.2537099494525945
363,0.46055396772147056
364,0.25198564595374384
365,0.23764424644141036
366,0.17314022064613843
367,0.49544132589120937
368,0.2860273107565976
369,0.2161125363242244
370,0.3041630267854493
371,0.143461433168202
372,0.31337070875862694
373,0.2911609126107349
374,0.4182103762744768
375,0.2594570033690713
376,0.18923007123443927
377,0.18265460793403385
378,0.2851314829870262
379,0.12046918227302728
380,0.40485965105042937
381,0.15252737258603483
382,0.12632671028269546
383,0.20603172368443667
384,0.42988468258206725
385,0.26433294856082895
386,0.19948654165716648
387,0.20301000948515452
388,0.36993967342036954
389,0.3277042588005442
390,0.1974959059725644
391,0.24581144071513072
392,0.06686649035110623
393,0.31009824405733555
394,0.09378728928145832
395,0.33604933847670587
396,0.27197310841728567
397,0.2911668548908858
398,0.24429437313696944
399,0.2853047216783197
400,0.3659299414880814
401,0.20782642631858028
402,0.21873715818521222
403,0.2997890770794793
404,0.28353747925816747
405,0.06399633517482464
406,0.38754706281843954
407,0.1057432472563831
408,0.38468118496471493
409,0.061054564603989996
410,0.0385565062043191
411,0.11897315744707884
412,0.2861986670895434
413,0.2869519891526988
414,0.41704901608776845
415,0.05062262802667551
416,0.2564631092514115
417,0.16552007074168046
418,0.21541473667165031
419,0.24505639876619778
420,0.2780095437680474
421,0.2703418363364471
422,0.28762159552581507
423,0.17483903113655183
424,0.1428176286036057
425,0.09762684096523346
426,0.09690673009089056
427,0.10588608820932245
428,0.09305437830862757
429,0.3708791560680336
430,0.20211616344213953
431,0.341259041822053
432,0.2829923016147939
433,0.2577443303343649
434,0.31590954485176576
435,0.08028617650892479
436,0.20502495327631193
437,0.05830917437547389
438,0.3174484311398786
439,0.04981449665835866
440,0.21983529280238037
441,0.1822094198067054
442,0.2220464488733643
443,0.2086293732076175
444,0.1639159783108836
445,0.057621864844193994
446,0.3048735816610293
447,0.11887956954726174
448,0.30212515272882834
449,0.3538630726230294
450,0.39920110381040763
451,0.29567328382025265
452,0.2862257768616333
453,0.03015303519608254
454,0.15240856551836862
455,0.04850961827653623
456,0.18974539234060508
457,0.10182437240300009
458,0.18906883731625582
459,0.4420454562433238
460,0.29373247386896423
461,0.15037845006857933
462,0.2300550364858272
463,0.07946922084616521
464,0.12647196073735945
465,0.031132644837187147
466,0.02718741857356388
467,0.2853007494938905
468,0.5114406452028692
469,0.16918904251515854
470,0.3741232824430578
471,0.16364323218006316
472,0.23268653448074406
473,0.0526620759891674
474,0.3337450422319193
475,0.02270169280299225
476,0.08389845010501183
477,0.18103122713844966
478,0.541386401237773
479,0.08292456959276102
480,0.29014522331330045
481,0.38340695226296845
482,0.17937747928746162
483,0.3117073688103461
484,0.35668969221636215
485,0.1922760209864403
486,0.23476440977028018
487,0.09498946198211632
488,0.1658185193384578
489,0.33072987805515963
490,0.1523064891365588
491,0.16527709917368047
492,0.32155682216030224
493,0.11379266067536443
494,0.06163581601275682
495,0.3483408632043774
496,0.20756906170320436
497,0.1078476647922884
498,0.11757884071258014
499,0.18087603383473208
500,0.15036705088622074
501,0.05214942123723368
502,0.3792143192759028
503,0.19261229968984306
504,0.23810333193859293
505,0.2898499322102153
506,0.23628666620247557
507,0.18050687799740361
508,0.13427817932106004
509,0.3653593888752441
510,0.24547273926526827
511,0.1290662396966014
512,0.14361921494474103
513,0.057681356339526306
514,0.09721094073709087
515,0.09256688830978689
516,0.08028046794195941
517,0.14737894274495425
518,0.13296681064975255
519,0.19303666976134867
520,0.08682227289686892
521,0.15260438753930916
522,0.04377395277948432
523,0.18716723231632063
524,0.10898771494224108
525,0.11430087034455952
526,0.03244099993004841
527,0.027482454623766025
528,0.1761146615344907
529,0.036450277206396896
530,0.03598523376551593
531,0.4095258819504583
532,0.3039228956447232
533,0.32769315506058666
534,0.2355441087651191
535,0.13006315017224174
536,0.15237691592636482
537,0.1927019861591111
538,0.06588827008963631
539,0.030990916296007344
540,0.7325006794638412
541,0.1527536315124227
542,0.21597845059887844
543,0.2661952852617371
544,0.04334345326748712
545,0.2230014501910557
546,0.03879090604109947
547,0.17409739099618446
548,0.12362447524441912
549,0.05412960061935366
550,0.23887218364854132
551,0.151878722784276
552,0.31251021136004453
553,0.09281578591178287
554,0.2076998896647735
555,0.07594283502845145
556,0.05815319515951701
557,0.17929412210677784
558,0.09718763853322324
559,0.1397269474142404
560,0.22707436597002556
561,0.23263995093622072
562,0.1211079581125953
563,0.10961550454140578
564,0.0669015344888489
565,0.10681523715756329
566,0.12481363028221774
567,0.21794730566619594
568,0.18244250170088425
569,0.025677074656686644
570,0.15623027285183524
571,0.11199327468832698
572,0.10736453308017391
573,0.11295230086875915
574,0.14493923255245106
575,0.05049514230615269
576,0.3646261811344134
577,0.22048240350758527
578,0.17580876407551949
579,0.1508537645055098
580,0.22925794367531466
581,0.08767928131869547
582,0.056395195762314124
583,0.06543998898962644
584,0.084962581030781
585,0.029305165603653444
586,0.11280408328441649
587,0.3266887875139372
588,0.11287688407896597
589,0.2452106965960698
590,0.16255535317112038
591,0.2622239055123693
592,0.30310924185519617
593,0.1327155456373755
594,0.15353884644026597
595,0.21538463064241056
596,0.0893954581031951
597,0.3654986642412646
598,0.12314126381644099
599,0.10476134031914285
600,0.111953560912929
601,0.3331710718723605
602,0.27381496531331356
603,0.08381364358327363
604,0.12387347295518747
605,0.08862927483420911
606,0.07761827649029708
607,0.36848896645385837
608,0.31892848955451536
609,0.2296618662003931
610,0.29809259155906664
611,0.1894175631300009
612,0.13467973817245235
613,0.11793324856977233
614,0.3272916089307547
615,0.13773711379880307
616,0.3150018883676717
617,0.17053222211231134
618,0.1650443342073096
619,0.3796827045273785
620,0.24295414338057902
621,0.1337018404239874
622,0.19379682587524844
623,0.1738841904712687
624,0.1402250579108656
625,0.2401939835128562
626,0.19939281794151767
627,0.21977050348799498
628,0.17618935847467748
629,0.05580006642944942
630,0.1457923827791296
631,0.29611795411837716
632,0.24757914808782414
633,0.13523115857112408
634,0.22559174905414922
635,0.2242515488438023
636,0.16175200850008425
637,0.2420845718413957
638,0.3440215623116701
639,0.2250751547808835
640,0.17335596718981225
641,0.10905664718176147
642,0.11349401505861632
643,0.10825481098871716
644,0.10913179869151503
645,0.1667938075403316
646,0.1243350383860288
647,0.20879897720712867
648,0.11828950939905185
649,0.1671518172589477
650,0.2041534486986871
651,0.22339087321166423
652,0.10993930744359723
653,0.0720546110411886
654,0.05206974585359446
655,0.15545797531325264
656,0.12118687423031659
657,0.26135351982285115
658,0.36442722568880453
659,0.12509922981450988
660,0.17598675675001407
661,0.09647934284079457
662,0.05585309922907805
663,0.10006383582916921
664,0.05885268669816023
665,0.14240351036925064
666,0.1286570627273963
667,0.22184124375938905
668,0.18255995368095726
669,0.12438580634191569
670,0.15933604051390043
671,0.1726885807253714
672,0.28694373179795707
673,0.4770997610633503
674,0.2744832120716897
675,0.08701084261095984
676,0.29706689849056733
677,0.1932491624322097
678,0.10505432542455127
679,0.49981982065745456
680,0.220268999617278
681,0.2916810225655315
682,0.43786740221742276
683,0.18322701893389223
684,0.18534524289607754
685,0.32415592273268995
686,0.2787470754206624
687,0.30203398120204283
688,0.1544748569269347
689,0.09939024692443653
690,0.12880948740571568
691,0.1803494956615067
692,0.12129280625856337
693,0.5283313547486812
694,0.2627460832873993
695,0.41409740957256624
696,0.2794725176497455
697,0.3291715683212926
698,0.2637639820094819
699,0.3173729124698273
700,0.2645351464319495
701,0.2924356914089501
702,0.17685057646490182
703,0.25580214952847946
704,0.390930405081185
705,0.24339979582936674
706,0.18432598523536856
707,0.20841728831254955
708,0.30447818577406094
709,0.21330554641952762
710,0.16529840191331988
711,0.21612534565737052
712,0.1596780219285163
713,0.1547494491829014
714,0.1039036244532758
715,0.045462739244840795
716,0.15904469941584398
717,0.20848027678503303
718,0.2398623640971303
719,0.4097508806925018
720,0.2790442873170571
721,0.2624829266284175
722,0.22060760868067408
723,0.19153306805014608
724,0.19505701374598367
725,0.1317596217790906
726,0.28026789567628496
727,0.19612441427741603
728,0.25716068823135935
729,0.2303448788915916
730,0.20448964287140442
731,0.27370254652262493
732,0.2112724193992852
733,0.2490427627181826
734,0.15920481308860462
735,0.10631813353906949
736,0.038179776963917014
737,0.10246146326135808
738,0.18297501009139894
739,0.13887794431087
740,0.18321394304601105
741,0.1663547139376739
742,0.04067934982478926
743,0.03138805235849456
744,0.03843871386101983
745,0.048412134438073705
746,0.048407895545720996
747,0.03153342902197126
748,0.20154768502769277
749,0.0916306278367093
750,0.09892192312958416
751,0.03202208600962189
752,0.03834280045543198
753,0.03280108626082057
754,0.1865627621467105
755,0.08879136112729373
756,0.12547307673963615
757,0.22743904804600096
758,0.039047883741792445
759,0.13398091982877286
760,0.029315479228003875
761,0.038307695504385515
762,0.31020231197574943
763,0.21564038444966138
764,0.2056763122545529
765,0.04852224257031323
766,0.11986212652818426
767,0.052448175723711604
768,0.04467357158921539
769,0.03757550644549924
770,0.03725454393812382
771,0.03933561914334786
772,0.020460158364191648
773,0.031824277297382055
774,0.02061005553986345
775,0.018365377795040317
776,0.1962661446356597
777,0.21145449882702105
778,0.043572165460595905
779,0.20450744997070455
780,0.02718793384479636
781,0.06746677297433881
782,0.5637194981123191
783,0.17603624396513334
784,0.20687935745542413
785,0.18410383959380136
786,0.09138958415897261
787,0.057610595017718404
788,0.0404299635312735
789,0.0348594262932081
790,0.039735768210861964
791,0.5494840965688876
792,0.12943377988748608
793,0.23056181544955653
794,0.14702300073510421
795,0.08249512618458177
796,0.15782296562513434
797,0.04542617000941832
798,0.03298313264036355
799,0.04887287430746585
800,0.06085258234405473
801,0.03737142130190233
802,0.03006094523779087
803,0.199521429836527
804,0.03641562809827386
805,0.24841344333977047
806,0.13733661732531302
807,0.02986270098041389
808,0.1515225862504779
809,0.08459744168833903
810,0.08723382378701328
811,0.030807929766822065
812,0.058349408945313715
813,0.03846109263114819
814,0.05083092418607044
815,0.04732236227187629
816,0.03044943430621413
817,0.02927970193324778
818,0.04935719711452568
819,0.055035695964492676
820,0.0237451721508979
821,0.026819946172053927
822,0.1365556732557722
823,0.06393180117954401
824,0.0348704277497883
825,0.028504181997908568
826,0.02055087230301443
827,0.03414147243668952
828,0.02702690039905825
829,0.017732052836284873
830,0.15529652849156564
831,0.39706583166828835
832,0.39381393813678806
833,0.3615528627878637
834,0.4025270073744934
835,0.33540300625907987
836,0.22698204361859853
837,0.12455750724808765
838,0.24717374079525511
839,0.1960122240874665
840,0.14088728639087397
841,0.6360824592412024
842,0.2633591390507899
843,0.3817570424038433
844,0.19531105516358854
845,0.23487340613231103
846,0.12389095860735148
847,0.08237283356940378
848,0.07275527476401827
849,0.06540394217307997
850,0.5674951258592711
851,0.2003647677257854
852,0.14690830642293473
853,0.4520763274688459
854,0.1932830171221733
855,0.4024949084976776
856,0.28237860784377145
857,0.3828646963741749
858,0.22319211858380505
859,0.21441721306917583
860,0.39628790820473475
861,0.17925255767717294
862,0.12114270536341028
863,0.26747723248464966
864,0.12813668782257473
865,0.5818573143386662
866,0.36881240677090443
867,0.20820312867633128
868,0.17181282774881979
869,0.20435653673166984
870,0.12314636053907646
871,0.17141154775604686
872,0.34106764506005627
873,0.15087722061048117
874,0.10840726129131976
875,0.14463318037897294
876,0.11805091156151876
877,0.1934602174888317
878,0.3681393170888512
879,0.4711505126156504
880,0.2318775478054696
881,0.3426647088794383
882,0.30460165668726935
883,0.25670111792570216
884,0.21288193707768488
885,0.10209720117636772
886,0.07647620474631843
887,0.06899585963560469
888,0.36274255782480846
889,0.24510522663784684
890,0.31784237864824194
891,0.30774460384224595
892,0.28918939979707897
893,0.10587095589204559
894,0.08710664505255732
895,0.0864458603193873
896,0.08237759407402484
897,0.32249243354415985
898,0.12396592833789208
899,0.06924026330301736
900,0.2735005002100184
901,0.192161555584614
902,0.09356475105527542
903,0.1166501139832961
904,0.1905924868458092
905,0.10833252223182993
906,0.09750710168211238
907,0.11846100793842435
908,0.1617330984883654
909,0.06421100103517023
910,0.10575430727199787
911,0.17115883262821482
912,0.05220915511663
913,0.18606064988369211
914,0.12575225369729057
915,0.0828519976997484
916,0.12282029820912592
917,0.5218878289441995
918,0.18614745834246993
919,0.056398747699056395
920,0.4923430835278649
921,0.16520072301159905
922,0.13975914342441398
923,0.3676640645752796
924,0.17070889023730246
925,0.18257591221732972
926,0.12381006544072592
927,0.23606957569757248
928,0.1906373448830041
929,0.07876097096905063
930,0.329484296335315
931,0.13025681570256353
932,0.14424986486249394
933,0.05886988965337409
934,0.07975004471817489
935,0.05370638431266711
936,0.05249081332759179
937,0.03691440621687471
938,0.28910379176138384
939,0.06622455528932847
940,0.08796919037542214
941,0.15451273729665588
942,0.24193929577232842
943,0.12483498928798635
944,0.21161173429386018
945,0.08090176983880296
946,0.1043896530244963
947,0.06328113851404359
948,0.07477270030412736
949,0.05022199009849842
950,0.12222132778709101
951,0.05230816263678431
952,0.06281433227971162
953,0.05090044008383089
954,0.0483840867021859
955,0.055419185697534276
956,0.16045210929022488
957,0.045745846987365196
958,0.09138118643780092
959,0.18013546235041816
960,0.10138028714187942
961,0.07852268868767462
962,0.29829053893919827
963,0.1806338388123307
964,0.10961085964379473
965,0.24380179564938745
966,0.12028034511868586
967,0.08725480562770976
968,0.12538975656900234
969,0.04033895976998488
970,0.06990776051332744
971,0.34868294797689253
972,0.23814637312592588
973,0.2536567315621678
974,0.23070020231183766
975,0.16931980765807358
976,0.16918761861357465
977,0.09413956579805557
978,0.042845989615027134
979,0.3789124753385773
980,0.08046158233056888
981,0.18357719401375655
982,0.050090381880359684
983,0.11487491668475087
984,0.13246368864162789
985,0.4141875557314081
986,0.15017915068797674
987,0.0814618616539799
988,0.07447348394681219
989,0.2028236221912097
990,0.22357879208993903
991,0.2965686014055208
992,0.3543637375513118
993,0.09036662339670799
994,0.15505158175926487
995,0.41516779965515105
996,0.3691014481584624
997,0.25619033871966346
998,0.22679399353920993
999,0.15341628577288652
1000,0.5316357827955984
1001,0.159962036761763
1002,0.14486541874365214
1003,0.12176585365627716
1004,0.16144209378185345
1005,0.12257253973309357
1006,0.05734549820743879
1007,0.06016502420784039
1008,0.05448857696647185
1009,0.0671444853997296
1010,0.19154775518212164
1011,0.5173703232096897
1012,0.10566194727965073
1013,0.05871731921220245
1014,0.22685116457060772
1015,0.14117943219534448
1016,0.1206060218811588
1017,0.07086135662046007
1018,0.23555223538576872
1019,0.047378501052267714
1020,0.21063628536285128
1021,0.13022455379655856
1022,0.15226991681849555
1023,0.07637618256527023
1024,0.04609972899531025
1025,0.16253243826065153
1026,0.35189881420857944
1027,0.09444681177350493
1028,0.18857080627028572
1029,0.291447503950018
1030,0.1439590796224781
1031,0.2165770683341475
1032,0.1101080166306381
1033,0.21039896192923155
1034,0.438725084247247
1035,0.39477401268572965
1036,0.12815351117309384
1037,0.17266699084847326
1038,0.13025784097762985
1039,0.23060149187512288
1040,0.14684611641762835
1041,0.6115024331493967
1042,0.19342316100627363
1043,0.06270659524650556
1044,0.3098544562092338
1045,0.17289334097269446
1046,0.04136755058264451
1047,0.12814881256514682
1048,0.31160569048106307
1049,0.13035393266308384
1050,0.23320511446356182
1051,0.6943730562143127
1052,0.5485098636178781
1053,0.2824143453302902
1054,0.25426630249748855
1055,0.20760249765307812
1056,0.18948339384290794
1057,0.19929083503556014
1058,0.11135190484833449
1059,0.09205538706176414
1060,0.08896446360380936
1061,0.24699411526779466
1062,0.26275844830616224
1063,0.16235414817647661
1064,0.15041092481323803
1065,0.09738273510294483
1066,0.3780565394762114
1067,0.14347915001441405
1068,0.12364545515574567
1069,0.11120452658659356
1070,0.29657158035171005
1071,0.461666324781322
1072,0.16821053573608072
1073,0.28892451829155574
1074,0.06811945306600517
1075,0.4209107439569815
1076,0.15072532204609287
1077,0.3388609857085589
1078,0.42140850257606993
1079,0.3372234223087216
1080,0.26632007405471897
1081,0.17401525612250895
1082,0.10657554766236907
1083,0.5486094025404892
1084,0.04946888399909513
1085,0.12619551584275343
1086,0.2384131847611218
1087,0.3376753201082341
1088,0.11791926371222186
1089,0.6570273192834089
1090,0.38300816094849294
1091,0.2710409400950162
1092,0.35147191116880727
1093,0.4016449150937909
1094,0.0842696541100665
1095,0.3244548192345339
1096,0.27732440454397744
1097,0.09707434739827878
1098,0.3673398984605836
1099,0.23317295394158086
1100,0.03886170309892591
1101,0.41197242015081187
1102,0.057747120734597285
1103,0.308205815817945
1104,0.14990234080810577
1105,0.15056884057798298
1106,0.41433785130772727
1107,0.19492283995808918
1108,0.320765254301831
1109,0.054894103407271716
1110,0.2792313503671709
1111,0.20630294100456997
1112,0.515073516747901
1113,0.07569762632154946
1114,0.29651752195946834
1115,0.0633131778688183
1116,0.05655151707351305
1117,0.47312701570072485
1118,0.20411883264765485
1119,0.08421942299867098
1120,0.18086642371824235
1121,0.33270780778244374
1122,0.21059176843083055
1123,0.1283437099227263
1124,0.5061979195356745
1125,0.09411757019319865
1126,0.25226156255115856
1127,0.32900922757332396
1128,0.19183337398442035
1129,0.15592371373592304
1130,0.29839152581678663
1131,0.14162177334316858
1132,0.3238752744228806
1133,0.31403385773256937
1134,0.35258368040022564
1135,0.2695885922774238
1136,0.20129178191341437
1137,0.18040205611178792
1138,0.20047959933864146
1139,0.3353251135422387
1140,0.20216068326684156
1141,0.451680727121807
1142,0.15405446634050593
1143,0.35643458556031615
1144,0.11188648072625651
1145,0.0671069261662561
1146,0.1822034632939637
1147,0.05050195242671948
1148,0.2766291750429737
1149,0.30098636464985323
1150,0.23742687682807234
1151,0.22853786773607632
1152,0.19615889017449242
1153,0.13714116783009744
1154,0.17975771445419364
1155,0.19466151080013236
1156,0.3954927464179174
1157,0.08467307838980699
1158,0.29219275479010787
1159,0.23941134179593454
1160,0.19113350494507855
1161,0.18430845245514793
1162,0.1374986836462824
1163,0.26924240096319313
1164,0.18800663884956292
1165,0.12827629163466003
1166,0.1707961074566751
1167,0.34267778743359883
1168,0.07349540999448119
1169,0.3441817450510293
1170,0.2708038873982936
1171,0.13997396763277098
1172,0.05726767061531323
1173,0.25856024393823257
1174,0.20911914552407115
1175,0.17355091626457278
1176,0.1652552137449306
1177,0.21414118162754597
1178,0.25041315764581507
1179,0.4073607122068352
1180,0.2624156435203316
1181,0.19492012764640002
1182,0.2494390201289425
1183,0.0947068110326553
1184,0.36231550117571326
1185,0.25717023451160526
1186,0.27206831020807415
1187,0.2903862700853333
1188,0.23983879772444708
1189,0.06777842348537767
1190,0.48825670529190196
1191,0.39471311217082966
1192,0.30572301733608886
1193,0.17617545284062885
1194,0.05475427099731316
1195,0.14034493136690843
1196,0.37805092587322237
1197,0.28844201365607763
1198,0.25819550478541026
1199,0.38693119954153715
1200,0.3254683351758115
1201,0.15252017766735843
1202,0.19633944207428938
1203,0.3080741831260968
1204,0.23391788339379216
1205,0.4061984097942849
1206,0.27772927105185247
1207,0.3332416326192482
1208,0.24305145617515117
1209,0.0868930891345475
1210,0.3230282817419586
1211,0.19723338185184164
1212,0.26990704553795003
1213,0.2728019592971251
1214,0.184601520599542
1215,0.3737941563395931
1216,0.2630178566534343
1217,0.10971569182831507
1218,0.2654195435244703
1219,0.05372074674713944
1220,0.032705974826690715
1221,0.23948998568944724
1222,0.3663563410771005
1223,0.16146092954631389
1224,0.23312765310718625
1225,0.362780730872444
1226,0.10451889815264369
1227,0.28308545699943644
1228,0.3526249058713678
1229,0.32657630705083673
1230,0.1561574758946386
1231,0.42084919163481804
1232,0.18909295739808046
1233,0.208890378924738
1234,0.21924245757172278
1235,0.19922431616582395
1236,0.44350356681334596
1237,0.1578186754378828
1238,0.3488504835336777
1239,0.11950662148233017
1240,0.29354325164884865
1241,0.37455895438141046
1242,0.2653010452741423
1243,0.19903448927571202
1244,0.3162221057736342
1245,0.30392769183894613
1246,0.158227462499445
1247,0.3234257030407671
1248,0.4266552346097563
1249,0.32280397757824353
1250,0.20774441295263027
1251,0.11321048516313134
1252,0.07278230979304903
1253,0.08340901908518894
1254,0.24576572489690354
1255,0.10922021455137702
1256,0.22047853694545108
1257,0.5123722778090899
1258,0.4276420488844109
1259,0.18634514948117492
1260,0.09262697467581538
1261,0.05859932361358616
1262,0.0968743250316972
1263,0.22548839931798134
1264,0.1401058690794577
1265,0.09930545842008029
1266,0.05202254944370295
1267,0.23337353776275394
1268,0.3561573773018619
1269,0.13614529624749291
1270,0.0685910458266065
1271,0.043042953969040655
1272,0.05326253425499344
1273,0.5063126359671983
1274,0.0692797058048773
1275,0.04034697702027985
1276,0.061750944481620426
1277,0.030181389410243863
1278,0.3802629244931177
1279,0.11076317010243729
1280,0.2886090837537577
1281,0.15811712533059977
1282,0.04079399975486463
1283,0.3898662595962959
1284,0.10668913043227204
1285,0.21366590025122936
1286,0.19857572832778772
1287,0.06956943463539415
1288,0.06890095375696312
1289,0.3184247411574037
1290,0.054493523307005416
1291,0.03744108378061431
1292,0.24168234167122293
1293,0.06149424493057498
1294,0.23241349125665448
1295,0.28178780294811967
1296,0.06650040471869396
1297,0.21262137325842234
1298,0.043911595690245254
1299,0.055978599044454576
1300,0.047290125947877674
1301,0.08627166457865285
1302,0.3436920159150218
1303,0.06734878308502944
1304,0.05585003843130565
1305,0.07298376771132646
1306,0.0775595289414245
1307,0.36943406382645616
1308,0.07591526531221253
1309,0.03820072061376741
1310,0.03635699684403186
1311,0.3298510708331805
1312,0.059683098589408776
1313,0.03285018737559273
1314,0.04718762842293351
1315,0.2653312711749338
1316,0.06546770896643203
1317,0.049045760439177556
1318,0.05293020307305958
1319,0.03817396791065273
1320,0.05088484410242065
1321,0.03040193610801152
1322,0.028053079242941738
1323,0.04245559902679896
1324,0.03488269791362832
1325,0.02882815008077206
1326,0.0445418711548932
1327,0.025268108126880507
1328,0.035812503594232874
1329,0.02373716228406007
1330,0.025850324216674648
1331,0.025611578247470766
1332,0.023582178314562358
1333,0.02245875916125125
1334,0.023262341657956893
1335,0.026503557798616954
1336,0.027077538891641363
1337,0.024450533955548373
1338,0.02422061786225073
1339,0.01639039645164278
1340,0.042269869851445624
1341,0.021102932045527018
1342,0.01924303010177138
1343,0.022810114296429047
1344,0.018738011841462666
1345,0.02592278969131775
1346,0.40187037478992554
1347,0.1827694553995482
1348,0.07210752859287414
1349,0.030160258921839805
1350,0.03692539864920743
1351,0.058320920165911665
1352,0.03258434938489565
1353,0.016922069520684334
1354,0.031235815909433022
1355,0.05004548292866885
1356,0.5643230107486837
1357,0.18909742673974905
1358,0.156852586955577
1359,0.3648169007281716
1360,0.09983137395313359
1361,0.023772686344961838
1362,0.018810893526313828
1363,0.0363690146756991
1364,0.03038140123471956
1365,0.04898189131295682
1366,0.02648761013144896
1367,0.04351843291632047
1368,0.02671646960960975
1369,0.03323590860984975
1370,0.02033129944313576
1371,0.02993860897011992
1372,0.021566809973828698
1373,0.4089375728791668
1374,0.13313895798942113
1375,0.03215533276473709
1376,0.052287832444900734
1377,0.03401421767584491
1378,0.2229329975632711
1379,0.3838487541894991
1380,0.20533244642457854
1381,0.09301349631200545
1382,0.0230982767882424
1383,0.39270373819169435
1384,0.08720546652910027
1385,0.06882745060757965
1386,0.04702143488037026
1387,0.03695705780865901
1388,0.3791419521030467
1389,0.06585949925678705
1390,0.4155292765704872
1391,0.28878811916972014
1392,0.10728733399265956
1393,0.34052608697709635
1394,0.1495999453620436
1395,0.4513490267475333
1396,0.1428307236892208
1397,0.08724551297297192
1398,0.05972466867494223
1399,0.04022121771250802
1400,0.22020524411406014
1401,0.029429840867744948
1402,0.030562692651933638
1403,0.030348610606748348
1404,0.033026259716084395
1405,0.1416802868274737
1406,0.26605627102311313
1407,0.21137742488296568
1408,0.1519839701282836
1409,0.17527798383946142
1410,0.28774731256158803
1411,0.15620415155103035
1412,0.423581181111214
1413,0.28551427538483576
1414,0.08502771657744473
1415,0.3525899489587787
1416,0.08420834671001758
1417,0.06556910104471357
1418,0.06674248325831952
1419,0.03573088797850226
1420,0.17273295007964068
1421,0.03488290582826028
1422,0.3399489450689874
1423,0.0435686510624915
1424,0.05651488357668872
1425,0.03718453932972887
1426,0.03309032740264162
1427,0.03133150064250354
1428,0.05424701803519497
1429,0.04417697146520056
1430,0.13234699091412058
1431,0.048015810877096436
1432,0.03267783001415401
1433,0.030210419894527323
1434,0.15422675574306685
1435,0.04371570738442319
1436,0.030380939899732617
1437,0.29059391514096344
1438,0.08743166544048943
1439,0.2789632529733115
1440,0.21186193228907485
1441,0.08426259466078545
1442,0.13359868248490359
1443,0.1283254117439811
1444,0.09047426288586081
1445,0.25313721801217937
1446,0.23016101316015147
1447,0.2810849753449536
1448,0.20338933312804708
1449,0.30846242528826845
1450,0.09163108213616528
1451,0.21924333937133325
1452,0.15965038449159016
1453,0.1511219107452362
1454,0.1789685816848175
1455,0.218650133534511
1456,0.1554258396563611
1457,0.14012911500561046
1458,0.7030969333877449
1459,0.24196423233006087
1460,0.24399963617206516
1461,0.24770963198657306
1462,0.0613191964366965
1463,0.0734867086976793
1464,0.20107096427521212
1465,0.08774025830975181
1466,0.19199121086264287
1467,0.22933092919680717
1468,0.18240188297558668
1469,0.1405760507263869
1470,0.20034604619872154
1471,0.20717311528558788
1472,0.19052695791729585
1473,0.19585057807456768
1474,0.0716341498713419
1475,0.19285037853053008
1476,0.09920266402616812
1477,0.0643782630024309
1478,0.20157871412280826
1479,0.26795438686561884
1480,0.15631216809622483
1481,0.3016943298199052
1482,0.1372696332150973
1483,0.14239670603436275
1484,0.20299467505240892
1485,0.26885896017830835
1486,0.1555411609322403
1487,0.15895024702605656
1488,0.18525508659096382
1489,0.12105140429489014
1490,0.11720515143729361
1491,0.07410389144336896
1492,0.13374100381417905
1493,0.23821196386197788
1494,0.1407045275182018
1495,0.10742613536891826
1496,0.12694825022487086
1497,0.1002932251448383
1498,0.14179783876923846
1499,0.3079177718220616
1500,0.19256905246754183
1501,0.16138495792123517
1502,0.19649287869567963
1503,0.1425405175429674
1504,0.19649704581891297
1505,0.08002069930007721
1506,0.15780113482960964
1507,0.12959604878771952
1508,0.1851090548205561
1509,0.1102636803471826
1510,0.14195285167827285
1511,0.03188267725796482
1512,0.2452116484152424
1513,0.1367750766231597
1514,0.15216598375130905
1515,0.05817605909998718
1516,0.0890385309864182
1517,0.21914899130467974
1518,0.11805291431063285
1519,0.10551601577175808
1520,0.09136308951860528
1521,0.09749985480970216
1522,0.10389800393743767
1523,0.29805455510016426
1524,0.12390726196181807
1525,0.14893145341263445
1526,0.06157737551234133
1527,0.3452017862967635
1528,0.2609656511708566
1529,0.18400968316972122
1530,0.38531123797619543
1531,0.1239207397985254
1532,0.1972326968792757
1533,0.21633462195645276
1534,0.14268576365286192
1535,0.10615033522126277
1536,0.06993083659883989
1537,0.28166003741144086
1538,0.07534590795917973
1539,0.32877717470136814
1540,0.19813773377858174
1541,0.23966890300707216
1542,0.21610036932294044
1543,0.09596060241609927
1544,0.05001835812128376
1545,0.09570126615701473
1546,0.1710858791499292
1547,0.19645960894312706
1548,0.1204309907517972
1549,0.07101860951960745
1550,0.048150756359594024
1551,0.04649939785732927
1552,0.46883768846317714
1553,0.2205425588867797
1554,0.15565497856812716
1555,0.10608282866562527
1556,0.065731961939283
1557,0.07160663284152129
1558,0.06625214581271235
1559,0.2584143052996081
1560,0.15356547222931896
1561,0.042854312997960324
1562,0.03319115543249102
1563,0.13629292798022027
1564,0.09662223117205135
1565,0.18080484708145855
1566,0.22210318053949263
1567,0.12900177639251717
1568,0.034559504166927386
1569,0.06911523634871079
1570,0.21976224764256722
1571,0.19816929274482192
1572,0.08195505170047494
1573,0.09694792772618609
1574,0.05315296601998099
1575,0.23827647090615717
1576,0.04221838893609323
1577,0.15974589182390203
1578,0.09314146124394039
1579,0.0529750182872482
1580,0.13077516755571184
1581,0.0437454764699793
1582,0.4327654570730285
1583,0.1984050259586208
1584,0.1232678030154548
1585,0.0502020177524407
1586,0.06104697028940505
1587,0.2051245148657673
1588,0.06239268489695936
1589,0.14525102430973788
1590,0.16130657898625353
1591,0.10690733127518455
1592,0.10745317397807996
1593,0.059905713794604694
1594,0.22926122474392066
1595,0.11566450698108582
1596,0.058622562904123515
1597,0.11039483578105248
1598,0.05811756055266423
1599,0.04745939452751809
1600,0.189920057050463
1601,0.0630586857261976
1602,0.045605450818846864
1603,0.06553691637106505
1604,0.19385509027679643
1605,0.05569376197390295
1606,0.028388291659583006
1607,0.10990175224819725
1608,0.12880093446324545
1609,0.4695783177222855
1610,0.08259373065510656
1611,0.22513679915819607
1612,0.20109552315533194
1613,0.18265463958352765
1614,0.13689472217257553
1615,0.09941688570638314
1616,0.09615153768344123
1617,0.06727922483322686
1618,0.03713941748517385
1619,0.5242178162216253
1620,0.2265592134976955
1621,0.18224952134229402
1622,0.3575004938129417
1623,0.08593753101261226
1624,0.06098388310528985
1625,0.08956561776380079
1626,0.30171492751106305
1627,0.1823939319214414
1628,0.17647142825578524
1629,0.14744013951100404
1630,0.25857744540023336
1631,0.1382259468337322
1632,0.14871541137897742
1633,0.10788032370210783
1634,0.10576759084713312
1635,0.2360032529972447
1636,0.11543899221984301
1637,0.17724068676497734
1638,0.15949256568937692
1639,0.2778425017898926
1640,0.14027117602731282
1641,0.21593895674191288
1642,0.10744245477120425
1643,0.19332220776147202
1644,0.3267236979257414
1645,0.2084611118506297
1646,0.21634059022304866
1647,0.10228346121138776
1648,0.062034680650375505
1649,0.15142865480299594
1650,0.07345809438872854
1651,0.029513463371269127
1652,0.309562457307552
1653,0.11780072783303652
1654,0.05357853464663147
1655,0.10085542372298564
1656,0.1296402944344874
1657,0.080549755186273
1658,0.16452894267688947
1659,0.2287577725625961
1660,0.22256646198170132
1661,0.09714369720010618
1662,0.32272839255997304
1663,0.2405146567958699
1664,0.08731997184850773
1665,0.050478401400195015
1666,0.03257291340435112
1667,0.09760897385172004
1668,0.1225556038364491
1669,0.0345369765027885
1670,0.1345593001291061
1671,0.8238559474289376
1672,0.22449949116047288
1673,0.37234741061278176
1674,0.22003616531384154
1675,0.41803203081702595
1676,0.2491332067601669
1677,0.31235174934337806
1678,0.46171394817233535
1679,0.16356323879242954
1680,0.17758155740150885
1681,0.026987409181051632
1682,0.03436525756411531
1683,0.20727911861496756
1684,0.0992888945354309
1685,0.03273378810457079
1686,0.288848663713006
1687,0.23401753132712236
1688,0.0693338108366793
1689,0.11747161889130245
1690,0.05007208543014083
1691,0.18659666568562736
1692,0.03842512502686762
1693,0.14392836069571058
1694,0.5353148105250223
1695,0.10149159548548845
1696,0.1756026295483178
1697,0.08855815987204933
1698,0.24634909662461574
1699,0.0866804399036784
1700,0.09861492526634062
1701,0.18578891047982063
1702,0.2638334638133362
1703,0.2803000794886135
1704,0.2896037545784829
1705,0.36291595398199256
1706,0.1255487926870143
1707,0.16400403390308343
1708,0.3783473645813061
1709,0.12344463648891137
1710,0.3572528315853611
1711,0.2690009691772663
1712,0.40149833193470547
1713,0.38594310141673954
1714,0.32786341100261823
1715,0.3075107506517564
1716,0.25102346107458023
1717,0.26611300884350914
1718,0.16433759577838836
1719,0.49722354789714607
1720,0.33695455172330596
1721,0.28776865765439896
1722,0.3414266221691036
1723,0.19895895617757964
1724,0.31777904314514677
1725,0.3516063619922223
1726,0.19298188899109853
1727,0.3343200354385847
1728,0.3614732414589168
1729,0.2711479049730343
1730,0.6246473622139727
1731,0.20208304964539398
1732,0.2475649183979359
1733,0.12339086882860063
1734,0.21544577253527972
1735,0.18699677579748453
1736,0.3223443340248636
1737,0.303362475126038
1738,0.20955876447885588
1739,0.20977769901543072
1740,0.41345712778055976
1741,0.1962887878292089
1742,0.445659730843143
1743,0.3847767007019102
1744,0.14549782224043248
1745,0.47572371273718633
1746,0.35209328194357875
1747,0.4500317719304917
1748,0.3699859511061422
1749,0.31937084227334844
1750,0.3458855091015024
1751,0.30725070604455856
1752,0.19673309681027282
1753,0.2112266914696433
1754,0.16451954671396013
1755,0.15048192343227781
1756,0.06700056368226288
1757,0.14946078667675664
1758,0.30316804801420927
1759,0.08871455398183575
1760,0.16178891658299765
1761,0.1967634450565597
1762,0.06026126218181563
1763,0.09726508153122938
1764,0.05416603036933216
1765,0.028845231214577625
1766,0.23006715750253096
1767,0.29947760815888896
1768,0.19498131517099934
1769,0.1645982528803231
1770,0.23477044141255635
1771,0.10123344553938085
1772,0.027880727547391175
1773,0.09014418213046582
1774,0.04519696384611753
1775,0.062420957997652314
1776,0.06996944275939722
1777,0.03483116582315139
1778,0.5494492309192426
1779,0.19196960343077554
1780,0.07471064351464177
1781,0.050061799901641515
1782,0.2512115493597227
1783,0.03479784204267209
1784,0.04995430157335058
1785,0.09000996651402492
1786,0.049829158331851156
1787,0.040696162385151564
1788,0.029436110382474644
1789,0.029683304253782086
1790,0.03501284955996755
1791,0.1937031844913616
1792,0.3126439098392008
1793,0.2234271631132449
1794,0.15368384739530064
1795,0.08200442320691985
1796,0.04970927365949475
1797,0.062058962725952675
1798,0.036415807532069494
1799,0.10997361468161614
1800,0.07098211552257541
1801,0.03068330029843782
1802,0.03187352915550403
1803,0.02971839560703412
1804,0.5068821787394204
1805,0.24545496230206243
1806,0.2035557078802271
1807,0.2098443008268537
1808,0.2865108427381598
1809,0.08857526122634835
1810,0.10106624714959578
1811,0.24981658963063286
1812,0.11766395968895485
1813,0.056995195640625454
1814,0.1526818003671513
1815,0.02747969146453145
1816,0.025741259917380483
1817,0.09730699795959655
1818,0.05072338778258302
1819,0.04370776586898961
1820,0.051144473069898215
1821,0.052112115713066544
1822,0.4071132522200925
1823,0.07384477845445517
1824,0.09258483952646498
1825,0.04367869774104011
1826,0.4997068106774026
1827,0.0810251954589019
1828,0.31629484052312146
1829,0.12885413674611484
1830,0.23060997246527257
1831,0.1910580957341569
1832,0.2965189114809314
1833,0.13196623787067957
1834,0.1324124903483238
1835,0.1936613260534369
1836,0.04674885418376489
1837,0.02794832578463449
1838,0.47501655181665264
1839,0.05951746756246354
1840,0.05118547786627044
1841,0.32162104970857774
1842,0.07036486699554492
1843,0.28307837736346514
1844,0.13876509413147836
1845,0.06282162030886478
1846,0.06184523305994422
1847,0.30726985181460525
1848,0.13157273073221915
1849,0.2505658918442502
1850,0.266694405565464
1851,0.13240631927206745
1852,0.44637279522957185
1853,0.12188439171078896
1854,0.07433645946530666
1855,0.0639831517807382
1856,0.1185391068212985
1857,0.020999396895712032
1858,0.045127554966977776
1859,0.06686495252994235
1860,0.22628550428919675
1861,0.07374685893428654
1862,0.12483027143274182
1863,0.7675612351084129
1864,0.2613464641510666
1865,0.18939161887478848
1866,0.10797959005585946
1867,0.044093395994418146
1868,0.032206493072778515
1869,0.13099645278198768
1870,0.10886131467679216
1871,0.057941140571487824
1872,0.040934249444888944
1873,0.05594822464572423
1874,0.03305242955456902
1875,0.30494621447690085
1876,0.34396020683470285
1877,0.11874167966932116
1878,0.19084822656679187
1879,0.35395523269890794
1880,0.22691723456933016
1881,0.23880199562963586
1882,0.2709311552816245
1883,0.09032372238890124
1884,0.4004693499395764
1885,0.24293792485186938
1886,0.10336155944359035
1887,0.11801432007363856
1888,0.39238788309155187
1889,0.364752011625933
1890,0.2322397756728608
1891,0.20006973138765838
1892,0.1467076445293752
1893,0.11542425645233334
1894,0.04215862248372133
1895,0.03490404233468474
1896,0.16629046556053217
1897,0.09998952816811822
1898,0.09528977972222058
1899,0.06972814529644651
1900,0.05409858253508392
1901,0.03499807923016725
1902,0.47902288321168923
1903,0.06878118152316436
1904,0.3770782668274666
1905,0.15418304058940396
1906,0.3063650143455695
1907,0.3336996380002428
1908,0.21733836315215507
1909,0.14809572556323064
1910,0.08133589039844674
1911,0.2014764599497901
1912,0.12709853428671147
1913,0.061844675394077016
1914,0.1748317162416367
1915,0.3396406513570221
1916,0.3277986928937076
1917,0.2366044844483333
1918,0.15572400725317176
1919,0.24609775593414196
1920,0.2520660896178724
1921,0.28195503941952116
1922,0.13058059517376003
1923,0.04536789340875331
1924,0.19818410332927075
1925,0.4120178743092212
1926,0.22073206168362922
1927,0.12965554969131207
1928,0.10006071069562762
1929,0.054806077356883295
1930,0.20671265892477036
1931,0.07443918404448292
1932,0.24842612357581653
1933,0.28764669104382745
1934,0.11982692599516058
1935,0.06915642664534605
1936,0.10768837487927395
1937,0.04616698594654617
1938,0.18301330573006291
1939,0.04236226513288307
1940,0.27900284584115675
1941,0.09750541120180536
1942,0.03355207885006539
1943,0.025550788941672488
1944,0.07614681057476139
1945,0.023538159757467838
1946,0.02233074605119153
1947,0.025060939299546905
1948,0.025518057874602602
1949,0.28673754663283063
1950,0.4167378771711534
1951,0.25385586715301606
1952,0.25132121183249867
1953,0.24288433196813128
1954,0.07374944364150818
1955,0.19669160587548065
1956,0.17766568817085704
1957,0.08367381251914899
1958,0.048362600986102566
1959,0.27397341080677584
1960,0.04968387152214452
1961,0.544657562098121
1962,0.1547768730879975
1963,0.08767834000316159
1964,0.14372700503278055
1965,0.08713957482032682
1966,0.2515855021235221
1967,0.20953602528685633
1968,0.07627869648468277
1969,0.05063675026669047
1970,0.3488694905070542
1971,0.037886038004756886
1972,0.2668994120022204
1973,0.16666646433834095
1974,0.14123097147055044
1975,0.2649240176854741
1976,0.16480535477312974
1977,0.06839913585659829
1978,0.06668360749583854
1979,0.047415660074475154
1980,0.1586875609804959
1981,0.07445352868217799
1982,0.03368224631869595
1983,0.0361831491219776
1984,0.49839426571230705
1985,0.15687943615663097
1986,0.05817994799969343
1987,0.03354901526512775
1988,0.1734123772065381
1989,0.09255103846291499
1990,0.40461543133801126
1991,0.18643426757672624
1992,0.031325889539463615
1993,0.03149224524795875
1994,0.40092936881121677
1995,0.028897726216448205
1996,0.6766134173313956
1997,0.2234950247432592
1998,0.24280421300102992
1999,0.25889662319522144
2000,0.20122093285834355
2001,0.14691681588705802
2002,0.5016780807893274
2003,0.22228024388301915
2004,0.13036983380817674
2005,0.23105035923879358
2006,0.3698271821243297
2007,0.15915771777983154
2008,0.0900002443264329
2009,0.06990174504962872
2010,0.052853060326477165
2011,0.04459930885242698
2012,0.4158257738401253
2013,0.28182823044229954
2014,0.3227308526862453
2015,0.09662116207058274
2016,0.04143294172966847
2017,0.25714683826277535
2018,0.03545348491678594
2019,0.025111433500530998
2020,0.042930560060317605
2021,0.029213115973810204
2022,0.23239428647805235
2023,0.06289935541029086
2024,0.5058274964028485
2025,0.2879954668743104
2026,0.4926310927216105
2027,0.310500508753688
2028,0.24286244224386716
2029,0.3223550070753561
2030,0.3761089656402897
2031,0.25412945338124865
2032,0.2611410904549117
2033,0.2924221936934673
2034,0.22356973885412337
2035,0.3442264696459821
2036,0.15728473674391266
2037,0.14240875098377415
2038,0.12884763446945904
2039,0.09173760470815406
2040,0.05316121433098089
2041,0.4898295720085451
2042,0.17243735961346068
2043,0.08393947070497342
2044,0.17131161550359322
2045,0.3263483241000969
2046,0.21061491324217824
2047,0.04300010085583706
2048,0.22596089376962425
2049,0.28566415536437445
2050,0.17679808612007009
2051,0.1338550697482993
2052,0.2933864163779388
2053,0.2203750246359919
2054,0.18999298026693834
2055,0.1157930366436982
2056,0.35150290126339945
2057,0.181951341670812
2058,0.15073440779864183
2059,0.19209139934698508
2060,0.1690485466074972
2061,0.24904100554292563
2062,0.19009414094961194
2063,0.0822222450294821
2064,0.052412324275403634
2065,0.3900036414616902
2066,0.15083080051462333
2067,0.2889480590565692
2068,0.34687325985995304
2069,0.15201807596166464
2070,0.11527514332564001
2071,0.21519474833765556
2072,0.16934345706594386
2073,0.16167127762633027
2074,0.08187246135794407
2075,0.05052339327890901
2076,0.06628937918399402
2077,0.054978934376840684
2078,0.06956597987742465
2079,0.023374060264682636
2080,0.04819986742564397
2081,0.5628114537090999
2082,0.30012124338639107
2083,0.1836523127617388
2084,0.1720626199270429
2085,0.14425172421290403
2086,0.09562723594200404
2087,0.14931760677378839
2088,0.0466217884442036
2089,0.12504028752210292
2090,0.06493685128028527
2091,0.05884841739384101
2092,0.3389865135904371
2093,0.08333002477430972
2094,0.34877527364126154
2095,0.0909922310393714
2096,0.1343868944903972
2097,0.09985642043152995
2098,0.21632029973696726
2099,0.05539845271051084
2100,0.06403090590047941
2101,0.05471335575666479
2102,0.1099878934998849
2103,0.13755186181952067
2104,0.06863258968683039
2105,0.3832508760774948
2106,0.14435535273202207
2107,0.033642386153169085
2108,0.7809250926222818
2109,0.20684726144998716
2110,0.2108917283522656
2111,0.19711715250238815
2112,0.09360334010588214
2113,0.34366732379715975
2114,0.1693206018956248
2115,0.27344410672887365
2116,0.10863122920153852
2117,0.20090699894730346
2118,0.10057042317720727
2119,0.06059190804173103
2120,0.17328491518448824
2121,0.145391927104343
2122,0.06620267889187441
2123,0.05420831497425697
2124,0.060477876619918665
2125,0.1338132359602372
2126,0.31091493402349046
2127,0.027155490598785977
2128,0.1232520891010975
2129,0.204050653152034
2130,0.12448261428699052
2131,0.15235484139246971
2132,0.42238553393245637
2133,0.12038330239044794
2134,0.31335501818941347
2135,0.12818639408239257
2136,0.48968706172994725
2137,0.162283604099952
2138,0.31812069358365896
2139,0.15496139419667537
2140,0.2604079417379428
2141,0.07239510887026371
2142,0.0890731944771898
2143,0.10243452735623051
2144,0.21402218416273916
2145,0.2860191370830452
2146,0.28257754336048035
2147,0.03677771842329733
2148,0.30250232352564954
2149,0.24317217125633
2150,0.05043588136478687
2151,0.05272942865204011
2152,0.5630075107659972
2153,0.19736702256379884
2154,0.40772807766516
2155,0.25894147725308064
2156,0.3220063864843713
2157,0.32635746060601484
2158,0.27594530870965256
2159,0.05396341487518632
2160,0.04706516060383289
2161,0.28945569905671903
2162,0.1740298387549899
2163,0.10273419805617635
2164,0.1941472807049136
2165,0.1404490823342291
2166,0.10225097175855193
2167,0.2826544699144294
2168,0.1966666207293423
2169,0.290261383985997
2170,0.22421587106926252
2171,0.12163901874055585
2172,0.1382553946932761
2173,0.04538843609081033
2174,0.030015242031162695
2175,0.08230913929806312
2176,0.22390117084790567
2177,0.21130692683890814
2178,0.07671084399397261
2179,0.0768479869304571
2180,0.21435187483019896
2181,0.10008056823321645
2182,0.286849033481869
2183,0.1106700478143171
2184,0.12537193278294798
2185,0.06345699051597051
2186,0.08701385388749429
2187,0.3606851848229122
2188,0.32442470694853004
2189,0.2528034120703496
2190,0.17353477333890294
2191,0.2074071065440399
2192,0.15241988278495602
2193,0.10314255126749632
2194,0.0196982229195536
2195,0.23351951493888254
2196,0.026391039719381247
2197,0.09604626170178053
2198,0.08710536471392119
2199,0.15175426685528345
2200,0.11517085894061606
2201,0.05306009090113971
2202,0.7269422062969922
2203,0.1579073044150138
2204,0.1754115369267795
2205,0.2536473202272729
2206,0.11063133794505339
2207,0.09495708049642675
2208,0.18864504422920755
2209,0.048560855108080864
2210,0.092039849971791
2211,0.10366841966359362
2212,0.856210112975093
2213,0.1699900066598897
2214,0.4264777196777849
2215,0.07501543688119644
2216,0.13389210521260364
2217,0.04516019811122466
2218,0.05913573646166402
2219,0.05259228122824228
2220,0.8110086781148271
2221,0.039110994119049836
2222,0.25499659266527497
2223,0.05241928578938171
2224,0.22856335694996852
2225,0.041649125956023283
2226,0.27039309453794985
2227,0.0979575233827523
2228,0.031516727401758524
2229,0.6024503184032636
2230,0.40883014282518454
2231,0.3425815546000558
2232,0.3441816377964921
2233,0.26976390215079193
2234,0.34885764174873357
2235,0.14785518056475286
2236,0.32817313815132254
2237,0.11574339114852158
2238,0.260056978621886
2239,0.3118676656387421
2240,0.24015287983361067
2241,0.13320756762087269
2242,0.05441931665425739
2243,0.10265377475168251
2244,0.20280380081912414
2245,0.12203463219997732
2246,0.1439267848266256
2247,0.20773575862098084
2248,0.20438554884575483
2249,0.16474766097082602
2250,0.2873278407693584
2251,0.10702833985128897
2252,0.08008345851537643
2253,0.2320895367395878
2254,0.21699934476244206
2255,0.15621369094270274
2256,0.10055072134396195
2257,0.13784953340689612
2258,0.5967455180072951
2259,0.6657767042568227
2260,0.3381981336104831
2261,0.34957361980101836
2262,0.2919889567890739
2263,0.2838502930770662
2264,0.38541727916727914
2265,0.2390146609178291
2266,0.2551235359219585
2267,0.22699888643991295
2268,0.2459396321031599
2269,0.2138484153074138
2270,0.39454405292709577
2271,0.18017099020277277
2272,0.15858909854814793
2273,0.09134289953271496
2274,0.23499406094810799
2275,0.05170845932867562
2276,0.5086017364737491
2277,0.2945386337428692
2278,0.506171872283371
2279,0.3081750263479859
2280,0.33517544788665943
2281,0.2653150086226374
2282,0.32028961269069484
2283,0.14338478829460585
2284,0.1518801706425708
2285,0.3986563222637311
2286,0.32175234439839184
2287,0.2051138040945724
2288,0.23781745990291686
2289,0.44761044938367023
2290,0.3315713263533828
2291,0.22236498169817753
2292,0.05793607481950901
2293,0.054595455968671804
2294,0.20345861805948762
2295,0.41557757870672496
2296,0.23589416639752386
2297,0.25689496830169806
2298,0.29106731069040465
2299,0.13205302143095332
2300,0.40168690988222044
2301,0.17255068287567885
2302,0.35986777452521834
2303,0.3341326178366459
2304,0.23590303144893252
2305,0.08704949418143229
2306,0.6381933930464152
2307,0.30353192864451345
2308,0.13270407001474338
2309,0.37169166997231584
2310,0.32571486676069666
2311,0.20269727973664023
2312,0.0779266367043511
2313,0.13201142523072978
2314,0.5382407138489279
2315,0.39305849074460375
2316,0.34681361398892946
2317,0.20204182402532692
2318,0.304597950734277
2319,0.09747370193598133
2320,0.2508047839621475
2321,0.10785399526576686
2322,0.04707830980163763
2323,0.43657074786297584
2324,0.06084123068269699
2325,0.2101779428761248
2326,0.35472657349242265
2327,0.08989990604547449
2328,0.23585398515075942
2329,0.17937391510679931
2330,0.45451461027008705
2331,0.2904600463377026
2332,0.2879770448848579
2333,0.30429589789469735
2334,0.19721429475800123
2335,0.2259043581583411
2336,0.24348399289767422
2337,0.2410481232819648
2338,0.13445119863237706
2339,0.1299976145263072
2340,0.09265490431509664
2341,0.5696359337461708
2342,0.38138199912819876
2343,0.21668438749073293
2344,0.12875051998635237
2345,0.2570149175663852
2346,0.23137877038414567
2347,0.3768237084177156
2348,0.21820202802347013
2349,0.09205871689094655
2350,0.07664391390577537
2351,0.05658687684831805
2352,0.04393763429292942
2353,0.11230943085003196
2354,0.25116301622304266
2355,0.16074945790222397
2356,0.2714176843581366
2357,0.620911932531748
2358,0.04159913588617701
2359,0.08686197035939479
2360,0.23138884810369964
2361,0.2758322158979471
2362,0.2822300399680557
2363,0.18104270163438943
2364,0.3490094144204732
2365,0.1851884466337699
2366,0.06643498170788888
2367,0.04701745166953643
2368,0.2616982527038775
2369,0.0565121388872429
2370,0.23358783128301536
2371,0.15500492676982108
2372,0.06290462160643727
2373,0.14627231249795258
2374,0.3288795243323257
2375,0.0700157179613741
2376,0.3007444290095084
2377,0.3207215254439278
2378,0.10094276179936425
2379,0.1481289728428514
2380,0.4999776051753611
2381,0.08269637565199096
2382,0.05065168200644214
2383,0.04261260883891339
2384,0.04087140692228657
2385,0.0938447165084688
2386,0.192321742742826
2387,0.5024393221021995
2388,0.1363627405454314
2389,0.22791627064842288
2390,0.0467333795541889
2391,0.16359404740190447
2392,0.06727561289559798
2393,0.4488703644632222
2394,0.34862794418609705
2395,0.05009700205556505
2396,0.30441870195499743
2397,0.0935346770768262
2398,0.2559892448717267
2399,0.2798885999106833
2400,0.23062046888650786
2401,0.1750456040170929
2402,0.14268407559608753
2403,0.10068476921974437
2404,0.03444478987459502
2405,0.2908771695360479
2406,0.0942531658624209
2407,0.12104257393788664
2408,0.039795978917483515
2409,0.039498250787514816
2410,0.26498292374155663
2411,0.06648826109933924
2412,0.10756485000893364
2413,0.08808976670492502
2414,0.03941638417368043
2415,0.04858543673273148
2416,0.04372180585948334
2417,0.0682016303545581
2418,0.05009426590622147
2419,0.18345554733500263
2420,0.10765971453931501
2421,0.0756977345458
2422,0.3738041557826191
2423,0.03193222782843235
2424,0.11371768983119424
2425,0.3361114149316075
2426,0.24187534042743028
2427,0.34496511971278415
2428,0.25345032536466294
2429,0.13368485588063683
2430,0.05920669920985323
2431,0.1291537804743652
2432,0.06984747131027044
2433,0.05218519333060455
2434,0.05117163680324817
2435,0.04709222148836169
2436,0.04469875180689834
2437,0.15459330288663886
2438,0.07062871289497089
2439,0.06737870326139132
2440,0.04770062467261258
2441,0.05018847783815565
2442,0.034788738205746385
2443,0.23110824454204162
2444,0.0659699166301762
2445,0.4993880004986465
2446,0.5448446036867937
2447,0.24604203135734118
2448,0.24430178024244284
2449,0.30885671035328044
2450,0.1389076608852358
2451,0.2617335728359275
2452,0.07237607785659987
2453,0.1384836216995658
2454,0.08010779544374963
2455,0.3221596519716517
2456,0.22230509533571802
2457,0.16253659610510945
2458,0.19335186299628843
2459,0.22741264171676343
2460,0.08559080598132854
2461,0.12252685451324276
2462,0.14795900274307044
2463,0.04277159266358451
2464,0.23775515854879803
2465,0.3677359066693591
2466,0.17549462814239258
2467,0.04036292344233491
2468,0.035014382754508494
2469,0.031246442828296365
2470,0.13665943859598095
2471,0.22230543899497002
2472,0.06197207605262505
2473,0.09599971939343739
2474,0.5635812966594086
2475,0.06743287595382738
2476,0.35506352674664066
2477,0.33759516885408
2478,0.06258668142699142
2479,0.1666404305543687
2480,0.30371605913152366
2481,0.11774857806995005
2482,0.04019056941701656
2483,0.29379125110148396
2484,0.07900396766186672
2485,0.25087605746577935
2486,0.2783103491369957
2487,0.12047750828837975
2488,0.14573162487218808
2489,0.5950537495303581
2490,0.25329129011649915
2491,0.15902497190663223
2492,0.10278806020311354
2493,0.12000736409346345
2494,0.03766603137349841
2495,0.05535700373856361
2496,0.18358966300456137
2497,0.038124408664216354
2498,0.20441740850065496
2499,0.08629793563138327
2500,0.030780887200453334
2501,0.281055750027176
2502,0.3123028168202333
2503,0.6521564105648743
2504,0.15187298899489707
2505,0.3068764261436428
2506,0.049627291539664574
2507,0.17000231838192087
2508,0.49886911182234195
2509,0.08982437505392597
2510,0.3010391282252036
2511,0.29389089654343237
2512,0.05502100202618682
2513,0.1664114994261256
2514,0.4921741043732198
2515,0.046572409705231244
2516,0.38566506301521586
2517,0.19482525471320833
2518,0.1685329464647649
2519,0.06134857385320247
2520,0.14368979188643732
2521,0.4341902467958073
2522,0.13120116992735945
2523,0.10580098075657618
2524,0.03597658888525475
2525,0.056419189530224664
2526,0.03221222100539117
2527,0.22320153971231574
2528,0.6851870360411694
2529,0.0945696089514965
2530,0.26169732615406816
2531,0.042870518016893226
2532,0.024585040803811308
2533,0.443584261640537
2534,0.2657480660721706
2535,0.11641166696198503
2536,0.0432700790729126
2537,0.18009469121284938
2538,0.1498049357843001
2539,0.036274839830727386
2540,0.5085950640959769
2541,0.21995198080095701
2542,0.20267032282252034
2543,0.09633993909726328
2544,0.048491402131325044
2545,0.022385513769661608
2546,0.5827304845492248
2547,0.17029578341813167
2548,0.09069140086831423
2549,0.05884947868632757
2550,0.1656192429580685
2551,0.19269326605302017
2552,0.404255854417657
2553,0.10730941765379866
2554,0.05671936407108291
2555,0.15809022138864265
2556,0.1234720332041014
2557,0.11763302476046798
2558,0.2755641998065597
2559,0.31237423870632663
2560,0.04788475048291618
2561,0.04865866045184196
2562,0.06748749617494662
2563,0.44816851132900587
2564,0.1574767908201788
2565,0.43041484791931905
2566,0.04261672391834504
2567,0.33135986503496795
2568,0.13028084018097413
2569,0.594993806348315
2570,0.22634398524079596
2571,0.2499211167857672
2572,0.21999139741210622
2573,0.11489250840841903
2574,0.4601044216946142
2575,0.38191511758864327
2576,0.15559088526879516
2577,0.26996944218251645
2578,0.3324604312066618
2579,0.07778623668267905
2580,0.5947367783742832
2581,0.36195756442318633
2582,0.3035148634734366
2583,0.27448217362758587
2584,0.17910242082655828
2585,0.25023565202180426
2586,0.39603341225083183
2587,0.09029865745573393
2588,0.44141104121189156
2589,0.39814061658159355
2590,0.39688327974514404
2591,0.2742330093585972
2592,0.46127146412553416
2593,0.2578465171814105
2594,0.24684545695471477
2595,0.2694572572882497
2596,0.37750970532708217
2597,0.390118846371182
2598,0.2080104883784694
2599,0.23040551613515606
2600,0.4044159023966267
2601,0.2898321105967878
2602,0.22494844872166275
2603,0.1431177268639847
2604,0.3686236481020999
2605,0.18827125799494698
2606,0.06865423140085025
2607,0.10229507168463146
2608,0.04835471807925564
2609,0.044223877350529565
2610,0.055826999939424284
2611,0.034292753471515926
2612,0.4571855737578701
2613,0.20663274038104917
2614,0.21726093411679462
2615,0.19096488843543086
2616,0.27011355767506684
2617,0.3793394789929575
2618,0.25069741309553134
2619,0.2665453256542608
2620,0.4654885040220885
2621,0.230695378142727
2622,0.2707104948429735
2623,0.20936117616439398
2624,0.21196261391746224
2625,0.3422422584175802
2626,0.09142824644009248
2627,0.18071751469093428
2628,0.06286823879401804
2629,0.2422229771029599
2630,0.19175133579289574
2631,0.17947845650869573
2632,0.2067184220244473
2633,0.1215103480416346
2634,0.08919535454821985
2635,0.20846803060633112
2636,0.14499583420560674
2637,0.12503555149427675
2638,0.2089099649622726
2639,0.17698319953547473
2640,0.12409669218128515
2641,0.13872944580360347
2642,0.16569709776054722
2643,0.0875209315777584
2644,0.04061435583196061
2645,0.10229257511428723
2646,0.051908025064250324
2647,0.055612635507352584
2648,0.1544859346111609
2649,0.12281219645979591
2650,0.05677755506378973
2651,0.19314943764479098
2652,0.15301563598815376
2653,0.04453962888933237
2654,0.04467108024664299
2655,0.032968370237392054
2656,0.06849875099450758
2657,0.2857372454290714
2658,0.10305050546873956
2659,0.04600652345254958
2660,0.11972773439595696
2661,0.08259425121653952
2662,0.05601045391619339
2663,0.0479385646091715
2664,0.034671946610527415
2665,0.03577646097509885
2666,0.05122289100708628
2667,0.07447658117746205
2668,0.0312993884259201
2669,0.06065686084590286
2670,0.051666786792285466
2671,0.07317496899955186
2672,0.06087407343621709
2673,0.04483116533006778
2674,0.031531776812890655
2675,0.24340966086158214
2676,0.148345593256909
2677,0.13259373339218475
2678,0.15058444399520918
2679,0.03559145115968956
2680,0.09745880712114195
2681,0.057941962560970096
2682,0.10053219076934825
2683,0.03945349306278148
2684,0.028048838930995725
2685,0.03445635980121858
2686,0.1274203643877461
2687,0.05209335240725036
2688,0.05575525156459924
2689,0.04976283114022787
2690,0.06303718187401763
2691,0.031826554837754074
2692,0.0476681173754191
2693,0.03601109102255308
2694,0.4265327190655192
2695,0.09616266761643612
2696,0.3853792741564149
2697,0.11886320502235391
2698,0.08785178845069558
2699,0.1691444693324491
2700,0.13112409239000516
2701,0.1256380319613889
2702,0.05023364463969676
2703,0.0638372527804897
2704,0.05240345180349016
2705,0.03290836993553262
2706,0.03759990997627607
2707,0.053282016825921374
2708,0.07893168071195722
2709,0.08078287393194479
2710,0.08289670441783926
2711,0.041397108991031314
2712,0.05046174686519561
2713,0.03901740339168245
2714,0.0454831653425629
2715,0.03868281170019504
2716,0.029919767262385082
2717,0.03967611895235133
2718,0.03140620930857681
2719,0.03683106033413659
2720,0.04098330395059089
2721,0.06857699695401734
2722,0.03892147430820212
2723,0.04406172620500393
2724,0.03429517256242838
2725,0.03301225260407623
2726,0.03269373924796622
2727,0.028043168723437557
2728,0.0404191430970882
2729,0.05271854572293279
2730,0.023817666659492157
2731,0.045887256974586836
2732,0.09322266963126244
2733,0.027595551361628765
2734,0.02975294892399056
2735,0.06411068649861563
2736,0.04807254194885689
2737,0.05163082612097558
2738,0.039722932439886366
2739,0.027524683446412603
2740,0.03271336649867524
2741,0.02861635061943963
2742,0.06561936042239905
2743,0.17301735743957403
2744,0.19564337490931819
2745,0.08662325333542553
2746,0.05776134737243244
2747,0.037798458721137844
2748,0.01942234917240804
2749,0.035796353793933984
2750,0.10445754156680975
2751,0.03912812271019612
2752,0.10820039147109153
2753,0.021450878616029227
2754,0.025500861305558856
2755,0.04119226816891268
2756,0.03332154406400846
2757,0.033973178449913155
2758,0.028498674430734342
2759,0.052095259553757906
2760,0.05097455731120851
2761,0.04848035279651416
2762,0.02447191920697019
2763,0.03242294365370036
2764,0.0339466659147074
2765,0.029004585922487662
2766,0.07157806734160853
2767,0.12435601171179887
2768,0.026160572417927415
2769,0.03096914957832046
2770,0.038494542347865236
2771,0.03845726109580762
2772,0.06164204081984739
2773,0.051017248883485924
2774,0.053704319023413286
2775,0.03040635192294695
2776,0.01534700560838608
2777,0.02697991103632337
2778,0.025988382047069603
2779,0.026303395451011836
2780,0.029485714423633562
2781,0.0494895142097335
2782,0.027727579506470302
2783,0.01603041283255261
2784,0.01982116154111496
2785,0.03770893707307767
2786,0.04817713329536439
2787,0.1364188572965346
2788,0.030297386146495856
2789,0.030057142671299057
2790,0.2499794522451982
2791,0.028004561673572393
2792,0.03111892845506758
2793,0.02664221537013612
2794,0.018216590431336173
2795,0.05536238340241728
2796,0.027952356101296802
2797,0.06542672695202185
2798,0.03748675975284878
2799,0.028199676604575376
2800,0.040031093277321475
2801,0.14195780367677807
2802,0.08212703560169711
2803,0.09078573330124678
2804,0.187510971087712
2805,0.056283174392221025
2806,0.06307149726453741
2807,0.03157967768490182
2808,0.03527456447723648
2809,0.04671963694764519
2810,0.023874101230809613
2811,0.022973055031544645
2812,0.01804745178495928
2813,0.1837740943980766
2814,0.07269303978854053
2815,0.05724301846722702
2816,0.12920625878026745
2817,0.042373065098608775
2818,0.014048846239543257
2819,0.059806093204274116
2820,0.06281274431751632
2821,0.02912843033802233
2822,0.03981068981657905
2823,0.03387123630860127
2824,0.1182389229456675
2825,0.3502503820938104
2826,0.07192333837059926
2827,0.05523899763572502
2828,0.03376229561948123
2829,0.03801286295278512
2830,0.0426615403201819
2831,0.04021156359500366
2832,0.04490301276334151
2833,0.04675175808431785
2834,0.11618539902856424
2835,0.044791553506630055
2836,0.016052217434691367
2837,0.07265205925841854
2838,0.09247793543453924
2839,0.021699477248913454
2840,0.019007639685975075
2841,0.14394521810628974
2842,0.04717083227283903
2843,0.043453539136128885
2844,0.04334956470753466
2845,0.01747377653621549
2846,0.05398374925621984
2847,0.040043839497210416
2848,0.0369584178580289
2849,0.12478800829252716
2850,0.037954646824787684
2851,0.0308675033627124
2852,0.06117260509036466
2853,0.025010838709116304
2854,0.0320140795619294
2855,0.08681207254410798
2856,0.020207497541519737
2857,0.023027905006456226
2858,0.015500045612288469
2859,0.07140460955188732
2860,0.17018935332482107
2861,0.057607174965221115
2862,0.01835708446700269
2863,0.028049221649928877
2864,0.03483065406621027
2865,0.014345919608751027
2866,0.05025482446071596
2867,0.09340066649561514
2868,0.02794871180819787
2869,0.04175535693076141
2870,0.03736066026777542
2871,0.028191089548962288
2872,0.10701772667686625
2873,0.08066473404710091
2874,0.028339642819732055
2875,0.06551458209648374
2876,0.023130743439873837
2877,0.0402808707546734
2878,0.09106377364663028
2879,0.06631675360762518
2880,0.182031982739823
2881,0.18080576207807889
2882,0.030943254992722657
2883,0.04284786846840911
2884,0.09260667327892222
2885,0.03797053971495429
2886,0.02035796604257496
2887,0.07239604744526867
2888,0.016622343378680123
2889,0.028272639120084427
2890,0.02408870284182581
2891,0.04785323727890059
2892,0.02123179098212436
2893,0.09086882741066751
2894,0.11203068000230922
2895,0.058893926689110296
2896,0.09309278920812535
2897,0.03388051023884567
2898,0.034005111666478
2899,0.09090325798260317
2900,0.10785515092196599
2901,0.10841011257669272
2902,0.07281375276555517
2903,0.04910138284842459
2904,0.06364095576964891
2905,0.3879994612708716
2906,0.175517227046754
2907,0.16140746800640648
2908,0.1290153896065889
2909,0.22103036708324564
2910,0.08652552740422509
2911,0.06063194470140675
2912,0.05584412219434386
2913,0.11956073056851321
2914,0.04677246695985791
2915,0.1270036786517592
2916,0.03433502715714827
2917,0.2115043482373808
2918,0.1343069782324218
2919,0.02653915314960217
2920,0.07152359563010362
2921,0.04212575559203929
2922,0.04921505216554704
2923,0.04996938708381765
2924,0.05456683177153838
2925,0.04780655282251134
2926,0.038254732851414334
2927,0.03476995062742257
2928,0.027489418603556713
2929,0.026276724831810178
2930,0.04484402860184891
2931,0.04157794374821924
2932,0.14406812184938647
2933,0.029809045601908776
2934,0.034717658758709545
2935,0.15525572096678322
2936,0.05771132735104836
2937,0.020339655429592478
2938,0.028890680876216435
2939,0.0322327888837103
2940,0.02444662428638702
2941,0.0849104778313403
2942,0.13057249320246453
2943,0.04169343904125684
2944,0.045388611978225094
2945,0.020528867700533943
2946,0.029351444194687527
2947,0.014919109557719985
2948,0.058740661022596605
2949,0.026145681789291962
2950,0.0389964873999838
2951,0.10694196063529603
2952,0.019482552464019236
2953,0.03898008708012792
2954,0.023618574201943337
2955,0.019403728649097965
2956,0.03037454656317966
2957,0.03196837616125064
2958,0.18741489157516564
2959,0.07330947958451843
2960,0.016513521203502763
2961,0.09456759589171422
2962,0.03462136797530313
2963,0.025638307415685783
2964,0.0536633395122976
2965,0.03353231489966955
2966,0.0943339864700001
2967,0.026337946772967028
2968,0.04356879332736927
2969,0.027567503637548254
2970,0.017202205832120076
2971,0.15491690390695456
2972,0.03485228597417253
2973,0.050675095255260455
2974,0.04435768562550374
2975,0.06923083525865921
2976,0.02706650166916672
2977,0.04166704736446421
2978,0.02450042950316568
2979,0.07840924250249837
2980,0.07228370057064075
2981,0.0536182011382372
2982,0.02998816239276316
2983,0.183485678990914
2984,0.025418911888921158
2985,0.05008309025122196
2986,0.027719507152577018
2987,0.024940455377083795
2988,0.024600129706020376
2989,0.10097403865575208
2990,0.024323386747572052
2991,0.06596086269220784
2992,0.04830277839837942
2993,0.028753498027914024
2994,0.03500401242775962
2995,0.027147798312151365
2996,0.02076601182302904
2997,0.06042768612241169
2998,0.06907308796312561
2999,0.03998132560920491
3000,0.04178964485329671
3001,0.021040469436414425
3002,0.023558360679499263
3003,0.06182696208219186
3004,0.04120471460820155
3005,0.021558831645148595
3006,0.0649471053944245
3007,0.049129703057915045
3008,0.052586275381769694
3009,0.04817387722304167
3010,0.022024843352682393
3011,0.02216278776188998
3012,0.027121087792885676
3013,0.08505625111449913
3014,0.02984529460673244
3015,0.03559811634245876
3016,0.03798216657351025
3017,0.04633179408081237
3018,0.03072312738213105
3019,0.0265041727677843
3020,0.06736160747511363
3021,0.06096294939290375
3022,0.042531466999879225
3023,0.06477240498726579
3024,0.11335696558625079
3025,0.11439023521761442
3026,0.0692973696974875
3027,0.041415429279958546
3028,0.03419997241875221
3029,0.06916805666087542
3030,0.14767492043631503
3031,0.05948180260448507
3032,0.30709661431269936
3033,0.18184391585739773
3034,0.11521112668690636
3035,0.06876505701164241
3036,0.05879952478677709
3037,0.03799872169064768
3038,0.16079713811740518
3039,0.1564729343265198
3040,0.07667167507471859
3041,0.07366861547023547
3042,0.20743631143676292
3043,0.19803000811829555
3044,0.07059546596496481
3045,0.04620430033189035
3046,0.019851362966182833
3047,0.038459491226047686
3048,0.06208433705170318
3049,0.036038004140016566
3050,0.04888424465809208
3051,0.04252846732582174
3052,0.0348521663573783
3053,0.05480073877700389
3054,0.09101989335073819
3055,0.07057910314283859
3056,0.044047064195163035
3057,0.11166594694138529
3058,0.10750711556263029
3059,0.15071934669399464
3060,0.19820347763216342
3061,0.0388225783530709
3062,0.20554350120414103
3063,0.04958073548913206
3064,0.05643491514205844
3065,0.03430163059944441
3066,0.057659743181039905
3067,0.08464692394012373
3068,0.07379751918896818
3069,0.07676434059967926
3070,0.05618915915055952
3071,0.03614482007718529
3072,0.05534069612579002
3073,0.03769559307385825
3074,0.03989552334268217
3075,0.06354125159660888
3076,0.039913025660717534
3077,0.2180447077795321
3078,0.06701359619072696
3079,0.03200480543446607
3080,0.03277149853725242
3081,0.1507253420111733
3082,0.15332034946438572
3083,0.19954907328115656
3084,0.2546836312886733
3085,0.12012967212611583
3086,0.1329166704290849
3087,0.24245853475360762
3088,0.09931854181088269
3089,0.08926487008552404
3090,0.2750978426062544
3091,0.1668361009505471
3092,0.30612482670667296
3093,0.21871417564905615
3094,0.1646041903652996
3095,0.1444904169762387
3096,0.10723613867904291
3097,0.3725223936278063
3098,0.2437388214496074
3099,0.12172103809737876
3100,0.2448065622492019
3101,0.0625492373556443
3102,0.03302377059013673
3103,0.052772153646438155
3104,0.028495189807758087
3105,0.027985017210257108
3106,0.3105301423302093
3107,0.060562785156053324
3108,0.1898415882314336
3109,0.09652368801112816
3110,0.36990985627747963
3111,0.08793029128524917
3112,0.14422665128339304
3113,0.05178149958628223
3114,0.08039119097564003
3115,0.048183562315997255
3116,0.10161655942938193
3117,0.08050271066356818
3118,0.25744350388378523
3119,0.22040750417410487
3120,0.1840369244039094
3121,0.16129418835348514
3122,0.10165131744737876
3123,0.1421283921213837
3124,0.2833834751202428
3125,0.10556320654095486
3126,0.06198084121186258
3127,0.25598146452684606
3128,0.19674399622269423
3129,0.13940849103130146
3130,0.16801008537419307
3131,0.11071045664144091
3132,0.09483941876128153
3133,0.04102121862225533
3134,0.10163321955783348
3135,0.3517788121829599
3136,0.05966762976086861
3137,0.2908593891656298
3138,0.3006488592129541
3139,0.220191506534384
3140,0.16350422438026913
3141,0.10697533024890747
3142,0.13465978779626492
3143,0.14545559613923886
3144,0.2704083564794137
3145,0.2102599168286186
3146,0.0866382491195513
3147,0.2337014293647096
3148,0.17084425515740714
3149,0.20437879086573754
3150,0.17167952706169706
3151,0.27103306804321703
3152,0.358195774543607
3153,0.2061887065810227
3154,0.187237383067804
3155,0.09787134915933114
3156,0.26658641371796066
3157,0.3595007321377242
3158,0.25043730331970526
3159,0.19384785907783397
3160,0.2519402544630293
3161,0.18236430659870664
3162,0.24738959632050753
3163,0.1510288860380837
3164,0.1678164554505998
3165,0.0811469822267333
3166,0.12680686350569437
3167,0.10015768492814994
3168,0.24493310950183222
3169,0.10653004011539735
3170,0.27558565309257305
3171,0.09072340054151028
3172,0.07527095651552017
3173,0.22703881828470326
3174,0.2076859774409902
3175,0.16808610525103143
3176,0.07412331481267528
3177,0.2531400894084674
3178,0.17903972269546423
3179,0.06021590761921337
3180,0.09717067507326985
3181,0.17939211077225953
3182,0.20376722893970764
3183,0.051196238691598644
3184,0.2831336227752528
3185,0.06552227458439744
3186,0.03819475814569757
3187,0.11996269294374645
3188,0.0564704847820714
3189,0.16102620237181395
3190,0.25712868090432967
3191,0.15497714680645155
3192,0.25763594368310294
3193,0.17858633918386807
3194,0.1443552829000866
3195,0.134703548970309
3196,0.2818237883905019
3197,0.25877863626372294
3198,0.2116480503230054
3199,0.15233242573681102
3200,0.23632110504184015
3201,0.21885055186878788
3202,0.09667877941782192
3203,0.13877554350187263
3204,0.12312049263236094
3205,0.07113890951651584
3206,0.22002414423917752
3207,0.13783152836915927
3208,0.11011732455537637
3209,0.0994265647255683
3210,0.09131044844173232
3211,0.1049000823775171
3212,0.07383026175087236
3213,0.059883626369558206
3214,0.055340858750839224
3215,0.08305834134008798
3216,0.08100200442461679
3217,0.0842038675702646
3218,0.15433800904647169
3219,0.2039163867996934
3220,0.16095064451314195
3221,0.056848054763955276
3222,0.06809465095450772
3223,0.11896837580273918
3224,0.061505202683399866
3225,0.06577732814061128
3226,0.07995201907710861
3227,0.11792417745046907
3228,0.05270821844238404
3229,0.04901873329006469
3230,0.04645580379614637
3231,0.2671399721495615
3232,0.06489119494057236
3233,0.17834973646111377
3234,0.038035831418378414
3235,0.30646835533442546
3236,0.19818591721558876
3237,0.1732871619671231
3238,0.10291082300764998
3239,0.06888313636894841
3240,0.16716040691008371
3241,0.10903557914394556
3242,0.06371779840160359
3243,0.08663739735771742
3244,0.05647173977167131
3245,0.06631376636778374
3246,0.07996509528376594
3247,0.05946027979344933
3248,0.041702022067767276
3249,0.032731400776308005
3250,0.041185813495754675
3251,0.03337023009751475
3252,0.06629130214250156
3253,0.02936546031488144
3254,0.030868308768919495
3255,0.09068101524300677
3256,0.03382194333222394
3257,0.06052143334608361
3258,0.034798991277754626
3259,0.07733011894493973
3260,0.32577309557581674
3261,0.1554994458098265
3262,0.08859208786016663
3263,0.11091218393001627
3264,0.030949565372656803
3265,0.052924087569856254
3266,0.036325928524458095
3267,0.06536231364240193
3268,0.03375224486909946
3269,0.04605722724704274
3270,0.0715419378669741
3271,0.036263023364247915
3272,0.05127290085327743
3273,0.04602053152668122
3274,0.03837654579723756
3275,0.07205581374234708
3276,0.05380191311468979
3277,0.029653567651822477
3278,0.03399868996767934
3279,0.04215285575582975
3280,0.32770553099007643
3281,0.306430704943704
3282,0.24634005862359426
3283,0.15325261145710328
3284,0.08415845203692715
3285,0.49444823904437196
3286,0.1706055452806623
3287,0.10028312788780779
3288,0.09424198058784551
3289,0.07157069790524176
3290,0.27830981876382044
3291,0.10860269222078697
3292,0.11265285612383136
3293,0.09507966121919097
3294,0.0461470408119377
3295,0.036814021495244834
3296,0.4415145509869984
3297,0.13167408948226625
3298,0.12311944678639869
3299,0.28867823075644383
3300,0.1300297080811073
3301,0.09888086773963375
3302,0.09994422001538959
3303,0.05590686594024312
3304,0.04911678337850165
3305,0.027143945468654472
3306,0.33572842656467666
3307,0.09222748263509266
3308,0.2534270255406944
3309,0.14215091018429077
3310,0.11538447274091158
3311,0.06411427246754058
3312,0.047551028378361955
3313,0.057903640684819874
3314,0.04179191317223479
3315,0.041615560451826114
3316,0.044881051742685966
3317,0.13702165893980142
3318,0.45828240007150184
3319,0.21593284714546448
3320,0.24573661675592337
3321,0.10128230743321398
3322,0.20838820054763127
3323,0.09044910228800761
3324,0.3514944546615483
3325,0.08934785975714542
3326,0.05111983912841239
3327,0.09368334860603324
3328,0.030866322524048292
3329,0.03100083005531125
3330,0.686322556847098
3331,0.32264541314212886
3332,0.18464067021765235
3333,0.10541016971836868
3334,0.12792063100850326
3335,0.3462214402677666
3336,0.1420851064799978
3337,0.06570163266836186
3338,0.2073891932760524
3339,0.14992983416184275
3340,0.05281898052132339
3341,0.0808021124730911
3342,0.04267537247495843
3343,0.15271424198683806
3344,0.2029194047707972
3345,0.16051178151328452
3346,0.14741061393939714
3347,0.1801389670453427
3348,0.09646535668433896
3349,0.1143571622354841
3350,0.03559232225391367
3351,0.04226391526631352
3352,0.09290604752668503
3353,0.11252665808058246
3354,0.5613808863236904
3355,0.1743889099371709
3356,0.16103784536218438
3357,0.18901166734627298
3358,0.1661227618515975
3359,0.11626851313540339
3360,0.09798165209282708
3361,0.127631091541278
3362,0.2629367946445263
3363,0.20811020044212913
3364,0.13133072077687238
3365,0.13964498229996136
3366,0.0808499160025085
3367,0.1221308614894761
3368,0.09503336988721965
3369,0.15042975272488582
3370,0.13238037720577836
3371,0.08083176874601303
3372,0.13448411479021058
3373,0.054767750124109525
3374,0.0314478996059069
3375,0.039131682299506906
3376,0.8020527271208843
3377,0.19163675455133433
3378,0.22814772822565116
3379,0.337476874682694
3380,0.14197285239105767
3381,0.19884848833013985
3382,0.18693094480977054
3383,0.16585328654901274
3384,0.21830849064590555
3385,0.43895980763366355
3386,0.06409092387955034
3387,0.12497084932736152
3388,0.05970139869342539
3389,0.09530654084707184
3390,0.0822551596443774
3391,0.5511470770797762
3392,0.24941131202711564
3393,0.4008711029442559
3394,0.22468505088066648
3395,0.11145894214601784
3396,0.2367288210981785
3397,0.4062759567109933
3398,0.22567156367286034
3399,0.2862084454686645
3400,0.23039099403156071
3401,0.22960068283302063
3402,0.36801436760895323
3403,0.22748477227003117
3404,0.1797182936576401
3405,0.2206775964617599
3406,0.11577024230011822
3407,0.08204470785425962
3408,0.22030974022077845
3409,0.21263884641415728
3410,0.2733076338193014
3411,0.10883625791681137
3412,0.3065762987456521
3413,0.22622486832919722
3414,0.21781880138059034
3415,0.24560865113415487
3416,0.25462270782288593
3417,0.16724131291703545
3418,0.15698507815837606
3419,0.4834579687801926
3420,0.1847308603157846
3421,0.17990691774927894
3422,0.10600163627698378
3423,0.3876952106933092
3424,0.19025302427185292
3425,0.15693012079999705
3426,0.12508376552292824
3427,0.06952947974551661
3428,0.23804079523282076
3429,0.19682938059823563
3430,0.5671954275007801
3431,0.2548498821457111
3432,0.11322204994852217
3433,0.14009819605295087
3434,0.11136641763710299
3435,0.07785882599027304
3436,0.0763636369160991
3437,0.06763485568375005
3438,0.03592215737413832
3439,0.07286508281721625
3440,0.05919453172136899
3441,0.07580631453217954
3442,0.20624950282931515
3443,0.09063104468016128
3444,0.20438431366616647
3445,0.028722559157902162
3446,0.027192464387702103
3447,0.049970337261538225
3448,0.048397474705852546
3449,0.06424360945561133
3450,0.08804024323784322
3451,0.06965896595226262
3452,0.7454889755723583
3453,0.39459547799182915
3454,0.2559694077844021
3455,0.28082404518597864
3456,0.38676576911792127
3457,0.22355116103741893
3458,0.1705858946668352
3459,0.17193220360863537
3460,0.2483250096974776
3461,0.07824802887603033
3462,0.0767910920093279
3463,0.16224446172269633
3464,0.047381383987583424
3465,0.06398365928473833
3466,0.10497221975032314
3467,0.17969967218898877
3468,0.09404392540886546
3469,0.1429559745412032
3470,0.06709456790171871
3471,0.033757530255869396
3472,0.029924500772664352
3473,0.024165363466990764
3474,0.03786655608460829
3475,0.030387788949182867
3476,0.03640145570313173
3477,0.039882987082362174
3478,0.01899173407493632
3479,0.04520348360415936
3480,0.02607728572044239
3481,0.03486112226666235
3482,0.06203295342997171
3483,0.02828759720170823
3484,0.19632855035600086
3485,0.11563504215904467
3486,0.10252078338789411
3487,0.36995657240335905
3488,0.14733730157022473
3489,0.11274641150196354
3490,0.28249298163726855
3491,0.26262364191512816
3492,0.0804053837966943
3493,0.03822398536051486
3494,0.07948300194179075
3495,0.035057194829157375
3496,0.03346669944556797
3497,0.3865777871021264
3498,0.19984276877203253
3499,0.23388407851050896
3500,0.225205286164127
3501,0.29881649130652305
3502,0.10110324496518312
3503,0.11099332818292428
3504,0.04837747238311351
3505,0.41350847778080063
3506,0.35521935990905606
3507,0.16852957861498452
3508,0.21491312197858653
3509,0.11909884288096124
3510,0.05925179043904097
3511,0.25379688026025
3512,0.2629622121047251
3513,0.13133580796436375
3514,0.08405686892559147
3515,0.22437138803865414
3516,0.07972634026762336
3517,0.04806217470838827
3518,0.6110299183408919
3519,0.29219753079651833
3520,0.2757911353749115
3521,0.2601752162038727
3522,0.2556984125404347
3523,0.32473239763024864
3524,0.11716748578290066
3525,0.35326576478375304
3526,0.17952295719194097
3527,0.2140404739939866
3528,0.2053462403152925
3529,0.18521923452289865
3530,0.13009106868631928
3531,0.05914444036278466
3532,0.037978916489187116
3533,0.0496363622525438
3534,0.703601947110535
3535,0.12929455198739837
3536,0.22035023215383845
3537,0.082596716350567
3538,0.1998767574956193
3539,0.16482706544691286
3540,0.1145686888972849
3541,0.6694164430825118
3542,0.08967424791143208
3543,0.05755274481743702
3544,0.12206030301262202
3545,0.2946152518381779
3546,0.13024449779769068
3547,0.5134559391752446
3548,0.2018869341338028
3549,0.1584433264598503
3550,0.10600568837394929
3551,0.05373597689278047
3552,0.032726026915993904
3553,0.028514850948212152
3554,0.07875193456186422
3555,0.1289038873060869
3556,0.19236039760227192
3557,0.07041214133860939
3558,0.04728640103099886
3559,0.4907073294801768
3560,0.29358453397289386
3561,0.42540180118149407
3562,0.12585996103362504
3563,0.09453296381403027
3564,0.1218857052652293
3565,0.13054588066511924
3566,0.11193175903612154
3567,0.05134337162630617
3568,0.3928647753023046
3569,0.2596580867929201
3570,0.0737096164149315
3571,0.22910074809212017
3572,0.46443561038541537
3573,0.22843601867781543
3574,0.17059999758631353
3575,0.21527137871061017
3576,0.17208476686762267
3577,0.09263120962414151
3578,0.041447762001218975
3579,0.3612105332291846
3580,0.3939666548485572
3581,0.21266113919550275
3582,0.32361217130400893
3583,0.24575988597248308
3584,0.19700817016729355
3585,0.09122970850260896
3586,0.10738272573670206
3587,0.14286825576086282
3588,0.07618321406953336
3589,0.02701673297551067
3590,0.03991458023516774
3591,0.02840731104423336
3592,0.030181146210378297
3593,0.10482256759553837
3594,0.03519773093242209
3595,0.0354700889670293
3596,0.028567572863500226
3597,0.029053759339534385
3598,0.037251198307952815
3599,0.023420300736199537
3600,0.03751458259943048
3601,0.02804436390688388
3602,0.030261492780180612
3603,0.021171971078680376
3604,0.034038235311615456
3605,0.029218016382933403
3606,0.022204272779027222
3607,0.02804172755072893
3608,0.022979785770037692
3609,0.017848395442430446
3610,0.026066255947850447
3611,0.019901056726132224
3612,0.029755932658106842
3613,0.024874456180487496
3614,0.02600176241548372
3615,0.020033634819249985
3616,0.02577792130844424
3617,0.042502200380874766
3618,0.02246162991799707
3619,0.03882219177224313
3620,0.036727613210625835
3621,0.02269284953210305
3622,0.024387423077770174
3623,0.023700705679124263
3624,0.03821728002834976
3625,0.040478317526898275
3626,0.02931597213920409
3627,0.02682619177720395
3628,0.052166005528913005
3629,0.40171584413359646
3630,0.10546684778431986
3631,0.2630211996953025
3632,0.19921856203791102
3633,0.03533773677299015
3634,0.06546474256716654
3635,0.027064136404305977
3636,0.06953387263796423
3637,0.04211174617878999
3638,0.06343749634853046
3639,0.06994509960922225
3640,0.20238509937459678
3641,0.037720828687315015
3642,0.04804974001532665
3643,0.034353950920255935
3644,0.06901051747639865
3645,0.05148634509849614
3646,0.031486423691616756
3647,0.03621698614690546
3648,0.02710348944637552
3649,0.04866306154933169
3650,0.027114115398919836
3651,0.2461011134042672
3652,0.33032954582917956
3653,0.05919803785882659
3654,0.14788966449411375
3655,0.09641259569283388
3656,0.7524985322416999
3657,0.42585850686537585
3658,0.3217025029780034
3659,0.20726019032806237
3660,0.25248195260382117
3661,0.2430223182343577
3662,0.10568544587590252
3663,0.40845261384090065
3664,0.19690575206509783
3665,0.14666284293601412
3666,0.252422038388408
3667,0.2911927715405574
3668,0.15137845540328135
3669,0.21122716414909717
3670,0.3389631771006784
3671,0.16213742936108838
3672,0.1364161233775061
3673,0.20264839208302213
3674,0.10713547971223855
3675,0.3657508752122763
3676,0.3201841232585793
3677,0.25454599775905806
3678,0.239327960813523
3679,0.0973705154252104
3680,0.26169189428568945
3681,0.23034743731385943
3682,0.14129729357809903
3683,0.1756024002390303
3684,0.12891285696815735
3685,0.09761909597235705
3686,0.01869233263896518
3687,0.027453903140987584
3688,0.05526284747194809
3689,0.038281195332277654
3690,0.03474181735139926
3691,0.04903281162636916
3692,0.029989452135868584
3693,0.03273773034923498
3694,0.02955613186718508
3695,0.02260033187076234
3696,0.02290071413627668
3697,0.023161159882125075
3698,0.0405387707638114
3699,0.03057874480903398
3700,0.25312723163927736
3701,0.22071124212253562
3702,0.06103841099516705
3703,0.18576385786027022
3704,0.32801114528814007
3705,0.07307100698101686
3706,0.060446717339989284
3707,0.28638814880004987
3708,0.03318981997743767
3709,0.03840548963219104
3710,0.4823264941904094
3711,0.1984505648673994
3712,0.16722400880720042
3713,0.1483745646874811
3714,0.11039188567400934
3715,0.07647220680505658
3716,0.038717886644637
3717,0.046654473278876674
3718,0.45156886614303166
3719,0.13698206085297018
3720,0.30146816388969844
3721,0.12646271610348525
3722,0.0673247254731499
3723,0.04284471501827737
3724,0.04649770879737619
3725,0.02548331221590006
3726,0.05490611286085394
3727,0.025885800910040054
3728,0.02890077348935538
3729,0.21877475570497779
3730,0.05080426530255589
3731,0.10120671230002726
3732,0.04927782311202432
3733,0.042607005500968624
3734,0.030810681319394545
3735,0.031608942729739305
3736,0.020982874399634047
3737,0.026166503908780777
3738,0.03809161964936801
3739,0.04230883323466336
3740,0.025054540666835146
3741,0.03017802368528988
3742,0.021058793073483784
3743,0.18582984490381377
3744,0.024908891396845653
3745,0.031434224216056406
3746,0.017323074802809608
3747,0.037781357133813594
3748,0.02769501353243666
3749,0.02321856263419254
3750,0.021179701867620665
3751,0.0236483116250269
3752,0.020760082431445514
3753,0.021209654156317783
3754,0.01887842860831754
3755,0.18907351091577498
3756,0.030717537541737536
3757,0.04777701187303544
3758,0.04611150486032479
3759,0.06622130684582325
3760,0.024378307296996856
3761,0.02883583106474483
3762,0.028838832482626052
3763,0.02786596291912242
3764,0.03625496360660723
3765,0.031230923184923605
3766,0.040225170232323026
3767,0.02970977277196894
3768,0.020547866072970034
3769,0.513757566365514
3770,0.25934340520217924
3771,0.17855151386397922
3772,0.0584661905711697
3773,0.07057015591565514
3774,0.04978294883614805
3775,0.05914584758455069
3776,0.3726696517852836
3777,0.2891825078861741
3778,0.21902729512868688
3779,0.12121977629742738
3780,0.0801950824274997
3781,0.08690566067083628
3782,0.06335860072429028
3783,0.052954191402392874
3784,0.05329286475211087
3785,0.057030437597497215
3786,0.03181808850726853
3787,0.23295245260929717
3788,0.05054461750750362
3789,0.24945939717040191
3790,0.19672275740047074
3791,0.04395745802682126
3792,0.06891792181991718
3793,0.04104599875218032
3794,0.06518124419158847
3795,0.04413141683302276
3796,0.1025480820671769
3797,0.19377958279262797
3798,0.08760020603394338
3799,0.03073579001355081
3800,0.03814390881096645
3801,0.04468937669231267
3802,0.0526995772763338
3803,0.2550711649646079
3804,0.22731639530904313
3805,0.09985561515164874
3806,0.09952833792585991
3807,0.11085936319344565
3808,0.0893740213541547
3809,0.10652356322149198
3810,0.5910396097265834
3811,0.31338463336709793
3812,0.2163300780340887
3813,0.24802280681208186
3814,0.16174881293785398
3815,0.15508365325851953
3816,0.15361734546824476
3817,0.08633853019479866
3818,0.2687613201896741
3819,0.051565683960483215
3820,0.03674473229504701
3821,0.044175946123759365
3822,0.04396712827803586
3823,0.24623960692462346
3824,0.05594714975661307
3825,0.05553178922983546
3826,0.03950057410069038
3827,0.5844301839550509
3828,0.2630047651686999
3829,0.15806414687121886
3830,0.09247403245703452
3831,0.37110594154225
3832,0.10225135299876882
3833,0.46037900578371416
3834,0.16594356660026857
3835,0.15970222185380684
3836,0.2841167830032847
3837,0.15456634445480313
3838,0.09112838816944854
3839,0.18725722992840865
3840,0.09633554713756777
3841,0.05781589383337479
3842,0.05687175806676141
3843,0.10644658582733811
3844,0.09648264943690155
3845,0.051014689318865665
3846,0.1142412593163871
3847,0.15505838023688984
3848,0.30941538845974437
3849,0.12887423441454385
3850,0.08089083546412221
3851,0.04880897615477268
3852,0.1757494442702867
3853,0.051327817215274164
3854,0.036380443389118895
3855,0.030278957370281145
3856,0.04200440320250973
3857,0.10090117583705478
3858,0.03619996465805296
3859,0.030169019143991175
3860,0.06274883782914162
3861,0.1573789564625687
3862,0.09635429708043654
