,Loss History Policy
0,-7.179404056808515
1,-6.501488256612949
2,-5.233420468962663
3,-2.7675954065963664
4,-2.039769206827912
5,-0.6273745304665346
6,-4.045869587630408
7,-4.549493522189219
8,-1.2727828723155956
9,-2.4258073194170007
10,-1.9759024163930348
11,-2.328713081402625
12,-6.75880430477726
13,-2.119211919887344
14,-1.9582376416746352
15,-3.949669342484689
16,-1.8979112331443373
17,-7.105070920530875
18,-3.081546664291703
19,-3.4457713773338914
20,-2.720125730907711
21,-2.6434069717615456
22,-5.683072069948468
23,-3.413738987869468
24,-4.868586097446724
25,-1.9338452909532466
26,-1.3691139166585757
27,-3.957049694174215
28,-1.0019883704348362
29,-1.0433032160767208
30,-4.356464472730044
31,-2.071198808793157
32,-3.2664960246363393
33,-0.9677151985879586
34,-1.9530163220834382
35,-1.4607719939185984
36,-0.4149035439041413
37,-5.353319141826842
38,-0.8608679033001023
39,-4.892475631133175
40,-0.9657043413492021
41,-1.5433241948154046
42,-5.7865949110135615
43,-1.9135716715709654
44,0.07838281040919914
45,1.3050236323017617
46,-1.7192185482573137
47,-3.805890694137747
48,-0.7125141416829701
49,-2.6157096392153125
50,-2.2376307490381495
51,-0.6201003028933791
52,-4.047561997743168
53,-1.4157612902178571
54,-5.6172953390227
55,-3.5844035677961745
56,-1.6943476003697877
57,-1.639015635127123
58,-2.6674396261330897
59,0.10987880620009682
60,-4.7124674058018075
61,-2.8674885044785627
62,0.36331792429175636
63,-1.7050753715705078
64,-8.481459887424435
65,-9.366819662287686
66,-2.5223233997405083
67,1.1600494142028
68,-1.2544213905975063
69,-3.963373593813014
70,-1.015372225067857
71,-3.2512043680827465
72,-0.3222453113075928
73,-2.1626324226248554
74,-3.5248673974761733
75,-0.7101237562271714
76,0.2697727123057472
77,-3.720037336479214
78,-1.8163766105854233
79,-2.343061256477025
80,-10.041791758529495
81,-2.323960318989628
82,-1.1877238629020315
83,-6.784436516063326
84,-2.7895178081056446
85,-3.6267939853680398
86,-2.9116311204669185
87,-5.547591277420462
88,-0.5521061995279493
89,-2.85794697650108
90,-7.3462068611145
91,-4.7371426483356345
92,-2.153445682619693
93,0.01329845590042944
94,-1.6441928692923808
95,-4.20977293599546
96,-2.9005914463247517
97,-3.696751205582337
98,0.7161928169967093
99,-2.7477745232733897
100,-6.7753600320841585
101,-4.027364718973008
102,-1.6827670524217955
103,0.9979985602937633
104,-6.120850454374474
105,-1.2005313471828643
106,1.420180556152807
107,-0.2140163706305187
108,-2.872498516033515
109,-2.6506107505721586
110,-3.694093347171783
111,0.5843085334072584
112,-0.5243661387963048
113,5.505665535559068
114,-2.105168317636772
115,2.3807611764900174
116,-1.4019432875701
117,-5.227471373430451
118,2.0777835955747923
119,-5.527687751013052
120,-6.30933919470651
121,-5.947948028900688
122,-5.754612445566526
123,-6.363096816563107
124,-3.458865241981285
125,5.325355301474122
126,0.43247437432078173
127,6.803780130988353
128,-1.3694883846113801
129,-11.850455855442583
130,-0.9852033315265861
131,-2.2428396720615917
132,3.744110551929798
133,-4.750364057669916
134,-3.433173302604466
135,3.311301971155266
136,3.4139779086779307
137,6.157330363758697
138,2.7240469163856558
139,4.278690664974153
140,-3.251528218250021
141,2.305172267050634
142,-3.823738857867945
143,-0.21882753979589564
144,-6.3184007456971285
145,-8.340380073302736
146,0.468502775232984
147,-7.255507020353467
148,1.2957849285979588
149,-5.1207360278518115
150,-9.571466680743875
151,-8.627361494765594
152,0.893867599529637
153,-3.275708509125199
154,1.4008628577161577
155,-2.1022249976144636
156,-1.7503388720681565
157,-3.924367887208609
158,-12.833252239531003
159,-4.708728435908304
160,0.12330296460698009
161,2.5425645465951536
162,-0.10527880393103306
163,-2.930503761174752
164,-1.1910205180120554
165,0.8033612521312707
166,-3.2836377343391265
167,-1.8987672528901856
168,0.45872638422595413
169,1.3162429392940602
170,-6.877362377377928
171,-3.756262386302632
172,-0.2646613974090668
173,1.0978385557250214
174,-4.221553969902412
175,-3.5707111490629533
176,-9.944334312263202
177,-3.088760461893263
178,-1.4969528727345
179,-29.12179693425857
180,-13.690287640661886
181,1.9711933386937721
182,-14.70816465752129
183,-13.481176664233391
184,-6.715889365762643
185,-12.809706330190505
186,-4.59159945721394
187,3.688269667069891
188,-3.043542229776492
189,1.284385917552184
190,-1.4875575234313771
191,-2.5610939372880304
192,-3.4582156503710557
193,-6.8109770312676865
194,1.7072864975985578
195,1.1170894009956385
196,-7.778323365051055
197,1.4596409432599238
198,-0.5815057839807274
199,-8.599134334439372
200,2.9581485093012105
201,0.659000086705714
202,-8.68840648335615
203,-6.013142657397266
204,-13.32934610368277
205,4.612026837012984
206,1.204041610733376
207,-4.282529465263081
208,1.0547922362021716
209,-1.321561946858615
210,-0.5363480847077708
211,5.980875072714218
212,-3.992381045344678
213,-3.0828242883756087
214,-1.5538911310383285
215,0.09106421516405439
216,-2.1899263108469906
217,-22.26290821875493
218,-3.6740265466161226
219,-5.844618225520153
220,-2.542637949061384
221,-6.547994239371444
222,0.18448115522621533
223,0.5324968283441667
224,-12.101194688101748
225,-8.125131975459105
226,21.185579392825375
227,18.444841883745667
228,5.086371134689529
229,3.694148069562241
230,3.1810248302388757
231,-0.1705825830339771
232,5.628883348003987
233,2.7627512284893285
234,0.4854701065583278
235,4.862760322543017
236,-5.64684371039174
237,1.1433071452197154
238,-2.9771529667603485
239,-0.0472822862564759
240,-15.082475749929568
241,8.059530926261665
242,-1.342439870257781
243,4.412707072188847
244,4.384962759018867
245,1.6431278440077666
246,13.786040155170909
247,16.55587466101063
248,-2.117555858350966
249,-1.4988346745822931
250,9.148446464805911
251,4.861851251840346
252,8.370935316343031
253,3.7882779799750943
254,1.2390400449020031
255,-1.6692288481097606
256,-4.554643698488069
257,4.448565129092513
258,-0.8181467097288384
259,-4.413847870095033
260,-7.1714528481702295
261,-4.978226625945547
262,0.12375566290529427
263,0.5773676206694724
264,7.947075907379637
265,-2.8320780228121074
266,1.9230529830107395
267,-8.439620663196731
268,2.538569463996895
269,5.258572662304134
270,-9.853193522783778
271,-2.5856873425580367
272,25.648568553110916
273,-3.9742426071520938
274,1.372552297646449
275,7.424062440667082
276,4.4672666603586535
277,-1.5090362564420614
278,3.2156701402472754
279,2.886022482005285
280,2.4958718784710916
281,-2.052666086616788
282,9.776310498173228
283,1.068122937604417
284,3.9778117705992253
285,0.448113679134726
286,0.372554433947057
287,-4.059875814227022
288,9.559898404381235
289,2.078434142867557
290,0.09426688635415159
291,11.260827539530299
292,-0.1817204186856669
293,3.3354504200405
294,0.5769437025746389
295,1.1101649936765696
296,-2.7630382695251123
297,3.064501246934852
298,16.632819930293223
299,2.163369665358463
300,-5.028726532298412
301,-6.934206526566492
302,2.751618839369546
303,-4.358180463145473
304,4.177250643689469
305,-2.3779762624375866
306,-0.20743080928617275
307,-5.911074487387179
308,-1.524784403941033
309,-0.0960758468683216
310,-1.674987977021607
311,-0.2694808043179098
312,-1.9699650472679897
313,-2.2311432054187703
314,-6.308278183025191
315,-2.9615752783014626
316,-12.297565683464025
317,-9.593254638241277
318,-3.1676536944968543
319,0.04694913420116542
320,-4.112136365503942
321,3.042342006311812
322,-7.865404936106459
323,-0.7533330736972836
324,3.94028756809813
325,7.784089901385904
326,-6.285917568041106
327,-6.883947205901195
328,-0.02033394227311902
329,-7.8721401886302065
330,-3.34879716371737
331,3.0331108159535995
332,1.7867498437935336
333,6.349350182514682
334,-2.8170996749364
335,-7.8399672029728755
336,-4.6299584346866585
337,-3.6687701494116998
338,-6.566373312184798
339,3.9210771327405096
340,-8.627071932270972
341,-8.387284739344764
342,8.880077913785316
343,11.302867255944754
344,-4.9968677107054775
345,-7.620026686963973
346,19.299948019481878
347,15.276470974259954
348,1.6062070693831618
349,2.796926029532986
350,-4.549469444587002
351,-10.73832339291161
352,-0.8358945664010715
353,11.486234385380712
354,-3.385056368330543
355,-3.3448482630922336
356,2.5919042316025513
357,5.374856170741772
358,15.014156197371607
359,-3.9842554346886785
360,1.8505924814743446
361,-12.690693777509896
362,9.382968616881294
363,-2.7105324245322286
364,-3.9364764546328335
365,0.49415020114308916
366,-6.209076128840405
367,-4.1423116739855805
368,1.4049927867278056
369,20.183211176535618
370,-5.391815299219636
371,8.44324182734703
372,-3.1628752234972644
373,-6.1447466488295435
374,-15.98248270649951
375,3.017289229315624
376,15.711460742593133
377,-3.5801515094136116
378,-12.478694178032939
379,-1.4547395414568762
380,1.2404310812240196
381,-7.948998134491329
382,2.762249201987679
383,-8.874840502191773
384,-4.98476408802096
385,1.5828090785856004
386,4.50149590781028
387,-1.5100079457112567
388,-13.69206794337041
389,-1.8559691734607444
390,-1.949271406719488
391,-7.026881612155096
392,-2.8302357286321054
393,5.175662597957414
394,5.020922405842041
395,-1.3236575377147064
396,-6.471526035676634
397,0.6882821321088226
398,-2.832474302992038
399,-6.769282197148126
400,-2.3734673714266683
401,-4.619900851470955
402,-2.4951007313139755
403,6.581212372998012
404,-3.087981760195059
405,-6.445926152655219
406,1.466353636576737
407,-8.600993013830893
408,2.5852974439620944
409,-0.32847425149571263
410,-6.301321744131362
411,-6.646869133133862
412,2.6736573772656533
413,-1.484409202655728
414,-4.538152104569317
415,-13.17533056877763
416,-1.9057745973496036
417,1.1395916134085446
418,-3.9875693967175465
419,-6.333354657064101
420,1.3600002244585685
421,-16.347564415205433
422,-3.738178765696208
423,7.394162832320768
424,-0.378383504095428
425,-0.9411377658504438
426,-11.44056049512486
427,18.290765110102676
428,-11.765672066539436
429,3.770065831800683
430,6.328579882827408
431,0.058588155925675345
432,-2.8277459385898998
433,-0.1597476318334743
434,2.16150922323767
435,-2.5023304730032905
436,-8.43069781279257
437,-4.724213397875519
438,-3.417539356314469
439,-1.7112411921082589
440,-2.3040157085568334
441,1.526280487491721
442,-0.9230308329516799
443,-8.529788314687039
444,0.8361624967939534
445,-5.705628422854389
446,0.7535463503057156
447,-5.398944045893751
448,-14.281912005847463
449,-1.1966847960639146
450,-11.824425483379121
451,-1.8830728611825438
452,0.06764262197580706
453,0.5364100630238573
454,1.0958213198975066
455,3.144117817291937
456,-5.950761934122273
457,4.631510041472109
458,-5.739616806182014
459,-4.156838382432243
460,-5.337972890994063
461,3.545409419157886
462,-3.8665757684193403
463,8.044520604718123
464,0.29357760608857086
465,-6.432522348247797
466,-0.9998246860902074
467,-9.929220802655
468,-3.1873781097129776
469,-1.6367926080505262
470,-4.077672070197552
471,-3.956707694574873
472,11.80315972054259
473,-0.19713107962093357
474,-6.100850670400623
475,-0.09932226121158139
476,-7.863737339931486
477,-4.835441317424065
478,-2.3659223569273418
479,-1.0562756717056754
480,0.6608200439106193
481,0.18639614221576428
482,-4.117256652940641
483,-1.8157397186363409
484,-5.514860116059461
485,-4.746261187055858
486,-2.6695214506871583
487,2.7603703970742517
488,-7.815920351683391
489,-12.57304352603559
490,-0.2334473283208247
491,-2.8163239884800446
492,-9.604603619079953
493,-4.689820525526375
494,-3.252149046955866
495,1.9750847811590786
496,-2.6273224561642907
497,-8.678272867437606
498,3.221261646600066
499,1.546516326195299
500,-1.6017326032319832
501,-4.550332561058279
502,1.8525876493816824
503,-2.749018812589937
504,0.3556513459970132
505,-14.103039480462751
506,2.2683312097251926
507,-10.456189489347164
508,-11.252530964425546
509,-5.397993063607608
510,1.690306574526046
511,3.070715458162433
512,-2.24501517041526
513,6.2150229143931135
514,-10.362417688630595
515,3.281561410475467
516,2.4773474614848134
517,3.9035902890828797
518,0.8650884863331094
519,-4.831701757350309
520,-3.487101820959574
521,-1.7334260137120685
522,6.988737134151036
523,-5.087787541000311
524,8.12653633697808
525,-3.3792571576806907
526,-7.459231115472781
527,-0.853087768485171
528,1.1541857769989767
529,-1.5384248163840053
530,-1.311238422869149
531,3.6925411861575883
532,3.1476104231654656
533,4.225437535955519
534,6.976303292584525
535,-1.051697379029041
536,6.102658417691649
537,18.555572678706618
538,0.45469458277126984
539,-2.0162483978671046
540,2.013368488835412
541,-3.3510381047488598
542,-2.555084927525553
543,22.914622473250926
544,8.11263088693394
545,-2.7312242942105964
546,-11.689595982822084
547,1.041190028877823
548,-2.0930618010839894
549,-2.7326528875674225
550,-4.0772421778935835
551,3.7049828969477345
552,-3.5882576213271697
553,-5.168984600851554
554,-4.640177269529957
555,3.3319024801823867
556,-9.659563092777717
557,1.1817362983223632
558,1.0458041613939004
559,-4.842972568938347
560,2.2387013253153922
561,-1.7619898844021318
562,-6.395835880148901
563,-5.755535195156442
564,4.419859424915309
565,0.22073025172349947
566,0.5515548128078649
567,0.03383058671546557
568,0.46181820865395906
569,-9.911852233144465
570,0.044161707763809455
571,-15.159451733583964
572,3.532621479829218
573,-3.274133410146054
574,-21.662688767988676
575,-1.3382042962849345
576,1.1928797545120489
577,-2.6847636458233346
578,-1.8513951642064561
579,-2.4996824036086105
580,12.052458992134513
581,6.665456711061179
582,2.132276236940081
583,-3.537735399424947
584,-6.149357673246501
585,0.7463301661637765
586,-8.686949491559512
587,-5.414454361703443
588,-5.039680835185349
589,-0.5530302317724032
590,2.67207261295
591,-2.096971438427124
592,3.7336759123389562
593,1.662859783191648
594,-9.093885446493962
595,-7.01893857488197
596,-17.125755498480295
597,4.745763797159206
598,4.437001768808684
599,-5.528841077744882
600,-5.963899722675425
601,4.470276956189409
602,-2.716502181833243
603,-4.974886778889736
604,-4.009950888889009
605,1.7024107532188046
606,-10.656074006223147
607,-0.3530680697967008
608,-3.402535244121968
609,-2.061792295056672
610,-1.5215550697789233
611,-4.888831744769012
612,1.2843282421605586
613,-3.5930987078797827
614,-3.032009406752663
615,-0.8292821767305796
616,-0.9194901094682564
617,-8.018363641127138
618,12.26843286341369
619,-0.3228991475454759
620,-2.3418862079013056
621,-4.723034604853266
622,3.125373690189332
623,-0.8611085871522528
624,-3.823288612726702
625,-1.8737964709521258
626,-5.466696097419784
627,2.040210386951039
628,-6.428530004596763
629,1.6484746753399122
630,-1.0383261602579457
631,3.979910220558766
632,0.8240199935751327
633,1.3874413319469343
634,1.6706833452325505
635,0.9101800072846986
636,0.09226661505009126
637,0.6807285270450105
638,-4.155889117074887
639,-1.6640069269207982
640,-7.079244279626936
641,2.541678853127772
642,0.4994198142064228
643,-6.2476820907564665
644,1.253176486234708
645,0.2641948880478857
646,0.39329973517432393
647,-2.938174071439555
648,30.881527586984603
649,3.6672047874704248
650,-6.917210726846714
651,3.397326372228919
652,-3.6286461735796367
653,-3.49691800079741
654,-2.72124833169236
655,1.17620475362502
656,5.692751649894873
657,1.8199601228519677
658,-1.525916771076134
659,12.831110403371923
660,9.047941004630083
661,6.80716306493524
662,-4.072907415844135
663,-7.296408498659646
664,-0.6828783964894907
665,-4.553091788212825
666,9.273118883349351
667,-1.4381262183996224
668,6.983409179082786
669,-0.5563579613138998
670,-5.050123060141154
671,-9.926279788674321
672,-4.897717601058801
673,3.8315458567490714
674,5.786344893651461
675,6.176083962095658
676,3.0771637182334226
677,5.068511202138555
678,1.1497716960577282
679,-1.6850472109528942
680,18.579859573227594
681,1.1740448347525847
682,1.1612291278109472
683,4.7132581136926825
684,6.159356897072584
685,0.28656621360847634
686,-0.24908109368775122
687,-3.4045768942336396
688,-0.23536076715927834
689,-3.6603224539981287
690,4.9623242815066
691,1.4428671970980504
692,-4.003216571282782
693,-6.258071284017637
694,-2.2819663902849205
695,-0.010764531251215903
696,4.685693662777878
697,11.84071717111804
698,-14.110090462644276
699,-3.837558945206755
700,-1.0271851524574638
701,5.602993309692281
702,3.9547423851755585
703,-2.3040935065571615
704,-1.1015045015918572
705,-3.365526139034035
706,3.011328602340275
707,-6.4555804750655925
708,10.035112579500304
709,-1.7139745148829046
710,-6.5121934962049774
711,-1.8712590673361076
712,3.9421171165013913
713,-10.758594617967209
714,-10.823103721531295
715,-7.876310464547513
716,2.450129651498858
717,-2.42689080222864
718,-0.09617891296797065
719,-0.27155923647113145
720,4.933397932978194
721,7.709795855475849
722,-1.2117510223240702
723,-1.6270819023624643
724,-0.916469652681303
725,1.0654799980958956
726,1.6501734930005814
727,-1.3170222555777746
728,0.8766942208285506
729,0.5794067102822704
730,-2.286938901667922
731,10.913503298413323
732,-4.451147542485377
733,-1.682355090265597
734,0.11046841136811913
735,0.8549680596550049
736,1.2796249736233403
737,3.9115034793440433
738,-1.233092656101717
739,-1.7616289584052365
740,-1.1130397232273799
741,-0.22557738257050985
742,-10.263785977104867
743,-3.1932338552040633
744,-9.30149424468705
745,-8.85245505827896
746,-5.181580949787184
747,-2.4241731874909407
748,5.291188641283616
749,5.446449998600307
750,-1.3218682036912934
751,-0.6870838206794456
752,-1.7491028119953524
753,-7.139946080875048
754,8.941921727241494
755,-5.338556836235968
756,-21.933376754790945
757,-2.8051100056371414
758,-4.388090915014899
759,-1.910467994532775
760,-4.503793244201332
761,-3.343569927897711
762,-6.550872999865986
763,-7.53004527446708
764,7.027073653904031
765,-2.434694604204342
766,-1.9837546589510948
767,-4.745568694453802
768,5.3906934713778645
769,-9.292158885775471
770,-1.8228512479802266
771,-6.883298293427248
772,8.929204373570503
773,-3.8188477890482435
774,5.26482587121326
775,-9.72672385154834
776,-1.3087912596446332
777,0.8212403989691675
778,-0.2805112589982013
779,28.571977829718115
780,25.517621658230027
781,2.5263293373782894
782,-1.909533051762768
783,-1.228870782302713
784,2.087406326597227
785,-5.907801871768936
786,6.717241294673649
787,4.433823863042498
788,-0.9010472321353196
789,4.978210468485289
790,-2.7898957559036255
791,-2.6156277337409133
792,-2.6215152105518884
793,0.748443413223316
794,2.5539254175340638
795,14.177978210101609
796,3.1080617286728094
797,-5.825647654716695
798,-0.5959102139480725
799,5.6758869110745565
800,-0.35096476246928754
801,1.0748839331793207
802,-4.6207484153469895
803,4.4162102068520275
804,-1.5559226933532502
805,13.075720431648099
806,-6.833433807108909
807,-2.3327698234541945
808,-1.3659065161839017
809,3.6507574529692315
810,13.183536595606501
811,2.703563906014205
812,7.9760413952570435
813,2.698376218305077
814,2.1017136578376894
815,2.9950924513963306
816,1.8138643584706067
817,-5.495225865657321
818,-9.01771634387811
819,-2.675153051236439
820,-7.5468450559298645
821,-0.652099362779401
822,-4.4418504754123695
823,2.309544432489
824,-3.4597425324871716
825,5.79363300757953
826,-11.140659135028692
827,10.223204575282631
828,-3.782488934814614
829,-4.563165266464953
830,25.920179280517615
831,-6.784233293005512
832,1.5605953205811844
833,-3.3642319181514955
834,1.6280507212140698
835,-0.17732143945505063
836,9.223607804757501
837,2.133194305727656
838,-3.2117519017360396
839,0.732261401372428
840,0.38209252820839223
841,56.646006169756944
842,1.3897638610570962
843,2.064164696254445
844,5.582922859449112
845,2.4156711256653276
846,-1.997963803422504
847,3.365512660792649
848,0.21238370292994135
849,0.570874739178334
850,-0.5859001068865466
851,-0.8805123224457585
852,3.2913052648801204
853,23.201096583022064
854,-0.7154350185006262
855,10.615460070437763
856,7.4848206341427534
857,-0.5676172345255073
858,2.104691146226143
859,2.1809303482432716
860,-1.336205971534254
861,-0.012768638714401703
862,-4.938620069152284
863,14.227970172805982
864,2.1030269132222013
865,5.643349492874274
866,-2.811021966644425
867,-0.8122620235785618
868,5.551240074936677
869,2.0174307595577203
870,-2.4626237054207127
871,1.4852090138803051
872,-1.3120653576619992
873,-2.425234655205317
874,-5.944418034149851
875,4.7818165301406435
876,-6.821816340103445
877,-8.456921424460035
878,-0.8478140850942741
879,-0.1996574073396924
880,2.977062002847631
881,5.600308009614988
882,0.9856626802145074
883,-5.351527851923126
884,-3.1089292052215063
885,-0.996764098186762
886,-1.0669372242743256
887,-1.5115284146670414
888,29.049919570143842
889,15.429988442084287
890,3.273819162430581
891,33.85092523892659
892,3.920966379006714
893,-3.0278211538445836
894,0.810557614561803
895,-5.045180536170074
896,9.323998560165567
897,-0.4792399930001685
898,0.6858150393183715
899,4.991369432846027
900,2.2956946342508404
901,-0.5832959738896104
902,-1.1155593671404045
903,-6.001639210511559
904,3.3384933661638794
905,0.7032085501897809
906,-3.032693879872521
907,0.3477783104122949
908,-1.302960016518084
909,-1.0032753382819002
910,1.9697179954641393
911,1.6096200960436111
912,-1.4058085029953364
913,-7.239990916236483
914,0.30066231561198764
915,-3.5187294197183654
916,-2.1094756326272903
917,1.0920716367095977
918,-0.6638125374750254
919,-1.1380805316056966
920,0.49000310174116346
921,0.37223469155929134
922,-1.123482365761609
923,-2.056675660648512
924,0.27850135210813054
925,-1.7645939204840977
926,-4.059339767960953
927,-1.2521186595144087
928,-2.0833959848876384
929,0.7311674830926753
930,-7.00892593529187
931,6.801167538600844
932,-3.044558720275604
933,-1.7687872296515703
934,3.673411390096317
935,0.7805995630873044
936,0.3311888598943975
937,-1.6013906756044198
938,6.54846052272068
939,-0.7289487323225643
940,3.7595104505841594
941,-1.3985043716358034
942,0.7568569154034295
943,-2.5674692952324545
944,4.839958731289192
945,-1.5384183193124747
946,2.8935174065927907
947,-2.9332158697577695
948,-2.113407038692082
949,-3.6364271034656674
950,-9.509338157514408
951,2.2759011150401744
952,-0.7601792484409939
953,5.509047522904473
954,-4.5671675072219795
955,-6.399185455877565
956,-2.2665515036471255
957,-2.752125030290619
958,2.2547787884210244
959,-2.8021367696906037
960,-5.558305793598798
961,0.21163907355357425
962,-4.9144408063394565
963,-1.8803143849977202
964,-3.7670636146903327
965,-0.33310074285054947
966,-4.411428942395013
967,-1.4327915578316568
968,-4.889856639283302
969,-6.829237624192914
970,-6.856546240674856
971,2.3132454611516216
972,-3.715581697316285
973,-4.429681273037172
974,-3.2478627311472668
975,-2.6265563413663156
976,1.0175099522669804
977,-0.6067939870034795
978,-1.7037295689060898
979,-3.6595677143977436
980,-5.075823135121913
981,-1.950223685482273
982,-5.807320811842626
983,-3.59695084840216
984,-2.5600476257435476
985,0.5129351806107991
986,3.909161618136682
987,0.7505829077055326
988,-2.5692370629715278
989,7.207140748634177
990,-3.619729324561588
991,6.699825324421332
992,-6.7309524576409085
993,-5.276321924237603
994,-2.314917725399086
995,-2.839116735608841
996,1.6977425833685122
997,2.01823764759591
998,-0.5768988107482786
999,-2.072501931714491
1000,9.026365821021255
1001,-3.2358726257193133
1002,1.4902339520031322
1003,-1.9327953208477195
1004,-3.305474133135202
1005,-3.4580226701759758
1006,-4.074784781331283
1007,0.5714992222913216
1008,-6.030715378728626
1009,-2.0342128253006435
1010,-2.0471969419116025
1011,0.7371471970970216
1012,-6.667867597087983
1013,-5.711096618820906
1014,-4.820508008750837
1015,-2.0340223050990054
1016,1.5435688837321733
1017,0.06688134127149814
1018,-3.027581277160828
1019,0.6639195405215066
1020,11.811341679364428
1021,0.1654924523866521
1022,2.8603877749747144
1023,-3.1624216438121486
1024,8.062625419522327
1025,0.8056836979573032
1026,-0.8999340433046967
1027,-1.7181853668211033
1028,-0.0571092481672566
1029,2.5240135675221502
1030,3.095005387935232
1031,-5.07847643079317
1032,-3.806725984004165
1033,0.9400214925307999
1034,-3.171008315849077
1035,0.8395793487575678
1036,-0.41330360943504996
1037,3.641615344134263
1038,-0.5083916827244037
1039,1.2143813527332257
1040,-1.6503848222988136
1041,-3.6929287318179655
1042,-8.678125571734753
1043,-7.4027247247007
1044,-3.198188382420069
1045,-5.869239024149055
1046,-1.513683244821257
1047,-4.161790573924629
1048,-2.1177308236157613
1049,-2.240995686150977
1050,1.0438411483327066
1051,-6.503641003979258
1052,-4.977888527456044
1053,-2.771124080466233
1054,1.1013942981601619
1055,0.3552626895723954
1056,-0.10814051857499507
1057,-0.7749512074954169
1058,-4.977745680853405
1059,-3.3039679290297106
1060,0.461474673788163
1061,-1.9144097643263798
1062,-3.01522448443044
1063,7.8622469660080645
1064,-0.7592270019580272
1065,1.1032256166792025
1066,2.68956049467041
1067,-0.8850333128232473
1068,-2.7379848914686615
1069,2.212468390010518
1070,-8.437855854524052
1071,-0.6816929935337339
1072,5.022437636363909
1073,3.6012123292100866
1074,-4.421205362826176
1075,-3.4823447282498416
1076,-0.3294456907713217
1077,-4.406643921401829
1078,-7.533083595312749
1079,-2.2872182799688026
1080,0.0968457414789885
1081,-5.52586887483522
1082,1.1903745920458815
1083,0.10040199543838035
1084,2.66963150753145
1085,-0.8668335522302106
1086,-3.2608317078350035
1087,-0.852249510484746
1088,2.7189276023630335
1089,-3.4190749066590156
1090,-1.3194462596212795
1091,-0.41805331187269923
1092,4.200542613808617
1093,1.625335461961944
1094,-1.5373113303442443
1095,-0.6449336974510489
1096,0.6449364810816252
1097,-1.9802499411738546
1098,1.4800730860865525
1099,-1.3936902938912348
1100,-3.721484490360167
1101,-2.1431311828634865
1102,1.57721085288704
1103,-4.868267908561957
1104,-3.359971809914997
1105,2.9095773597998664
1106,-1.9334842115584707
1107,0.4285240378738657
1108,-2.9315155083816635
1109,-1.7493346226262152
1110,2.8919243978580003
1111,-6.429747483286054
1112,4.068422691375073
1113,-0.5066028546221553
1114,-3.0747406666784203
1115,-2.4779972670929933
1116,-0.4715917599063437
1117,0.7933653486007306
1118,-3.410517097375787
1119,3.175379060898618
1120,2.0435884375263975
1121,2.0539797349966626
1122,-0.8272573401812546
1123,-8.46808051470326
1124,-1.4638182717131976
1125,3.7407369002400097
1126,-5.336646666026611
1127,1.6620912906865701
1128,-7.848287299509772
1129,-4.8470794804327095
1130,-1.1409651660972104
1131,16.851300329045806
1132,0.8418561666471901
1133,-1.7165243898326412
1134,-12.295216153802297
1135,-4.118798360261459
1136,-3.1732886696547484
1137,-0.5268719184382036
1138,-6.448987087142453
1139,9.471283525667118
1140,-6.132311281282281
1141,1.2191824251219319
1142,-0.584253497582016
1143,-4.204937218494157
1144,1.0467167326537639
1145,1.080270344328834
1146,-2.501187986337601
1147,8.976705423553653
1148,-6.788824815780588
1149,-1.906683787155083
1150,2.294296585349832
1151,-1.9774248966731474
1152,10.55668430086841
1153,7.010697967950002
1154,-1.1102282210571461
1155,1.9710293142924948
1156,-0.6154216678648452
1157,6.484432691425037
1158,-4.011840009065235
1159,-3.289052296500786
1160,-1.9590950236702227
1161,-2.543280246389686
1162,-2.6287475526420323
1163,-0.7328822369615278
1164,-5.285518086571857
1165,2.628583806817743
1166,0.6880633617011265
1167,1.245729291252652
1168,4.523480026635768
1169,0.8512211303731867
1170,-1.9087515676711102
1171,-2.0335317026624695
1172,2.5260813977714798
1173,-2.7040166224513813
1174,-3.194105404976846
1175,-2.2787164465926515
1176,-1.8047915651962319
1177,-2.860890450612189
1178,-1.4158995580549472
1179,-4.236102581104889
1180,-3.1011476305285433
1181,-2.535198658947605
1182,0.7996517980503222
1183,1.1407445845201263
1184,0.4993298074730945
1185,-5.064978729486966
1186,1.4803165097750424
1187,1.7447768311195797
1188,-4.769479594401704
1189,8.368109222249611
1190,-3.5927410809729934
1191,-6.020958505080902
1192,3.4102605334053013
1193,-1.4372433517512742
1194,-3.4298118910874256
1195,-0.04614072149072568
1196,0.29431456089906305
1197,-1.393825227267699
1198,-1.3537220784275372
1199,0.46779084879914645
1200,8.280617996581583
1201,4.3866319452283085
1202,1.169050509268975
1203,-2.5109831669377445
1204,1.265920857030008
1205,-0.5866762729907427
1206,0.49540011190175237
1207,-3.8815695370057206
1208,-0.8370094666424786
1209,-9.745210937223682
1210,-3.4757326936082293
1211,-0.5426579847473803
1212,-2.17986496601047
1213,0.21238157271894043
1214,6.425457033009952
1215,-0.08444196394462722
1216,-5.787926107973679
1217,7.4567516746810565
1218,1.448099214298959
1219,-0.951815572080851
1220,-2.2436487332107466
1221,-0.32258612341788817
1222,1.5028173316011824
1223,-3.666550266407378
1224,-2.7158288703100815
1225,-0.2031190031396619
1226,0.641984747928632
1227,-1.0711458734000976
1228,12.879821787117901
1229,-3.134779890810738
1230,16.00016910936386
1231,-2.5813212004006285
1232,-1.7275558552573642
1233,-3.6185842688909347
1234,-0.2362988522414926
1235,4.526309292108193
1236,-0.9047339383186013
1237,5.592148390142901
1238,0.43464670521224846
1239,0.9953237400996584
1240,6.46221949551245
1241,0.10697488153565127
1242,-3.4514259734127664
1243,-2.53406793468763
1244,0.03806312379379051
1245,4.231146065663456
1246,1.9551869599892813
1247,-1.387242449286616
1248,-0.3408922480259029
1249,2.8011416215249296
1250,-4.0859564825699275
1251,-1.6885826425757116
1252,-1.8439223702769045
1253,1.4337868391077482
1254,6.506250718262589
1255,1.1047242510603157
1256,-1.39727967189976
1257,-2.16994774752017
1258,-3.6373810348238376
1259,1.1920908732514495
1260,-2.171836144620181
1261,-0.8879645306338264
1262,-0.5415789638984592
1263,-5.916770766741363
1264,1.919686947360144
1265,-0.31897268218864205
1266,3.713149040428778
1267,2.7489976822515114
1268,-3.9908028527998627
1269,-1.549183925419428
1270,-2.021874067600539
1271,3.831038160350534
1272,-1.5014825011227027
1273,-0.5983084441427589
1274,-0.7062465233059321
1275,-1.9995235088417451
1276,1.8697988645666026
1277,0.9707056696984289
1278,-6.274052741673389
1279,18.491030776309113
1280,-4.887248562394252
1281,-0.2058256489868049
1282,2.1848196986598616
1283,0.2210168799546608
1284,0.9393466348747204
1285,3.4530192919694125
1286,-0.395778860807536
1287,-1.9169948960768268
1288,-3.582712508108493
1289,0.33966099090661395
1290,-2.8984157622232534
1291,2.1207153416204036
1292,1.541264381745223
1293,2.1232908034113844
1294,-1.1432379119783622
1295,1.7016361416788959
1296,-0.6165278277028841
1297,-0.7973942599261865
1298,1.6627901874874818
1299,5.261305723534174
1300,1.6123050275424151
1301,-0.3781066163340179
1302,-2.5746061148256834
1303,7.095039814306387
1304,4.259054653196226
1305,-2.7105653923227258
1306,-0.733693791729884
1307,-2.60397790508577
1308,-2.4189480282169913
1309,-4.142753684257308
1310,-2.2280345035207736
1311,-3.1393228107664988
1312,-1.1751042114480397
1313,-1.6554782442041232
1314,-1.8755958072080783
1315,1.5760088899626519
1316,-3.662462957154115
1317,-2.3289617340119317
1318,-1.9947734507788488
1319,-2.42829421219317
1320,-1.026732337989352
1321,-0.5412252964026514
1322,-3.145882010668498
1323,2.8046865699342947
1324,-0.96746379443574
1325,1.44149609639569
1326,-2.065655848360388
1327,-1.9476883678847572
1328,0.5115915838529852
1329,0.4304579996452036
1330,-0.41741050341245245
1331,-1.965035515420892
1332,-0.8356806615090822
1333,3.293744867593948
1334,4.724446179700891
1335,-4.098623469645895
1336,7.633410389705325
1337,-3.956834407891864
1338,2.191533167602736
1339,-1.5178938296072575
1340,2.3414943753865045
1341,-1.6482625225726797
1342,1.8859373753877922
1343,2.1721965700245507
1344,5.652308519313462
1345,0.28165802006677154
1346,-2.576969005547997
1347,-4.250842819427071
1348,0.06656187594556529
1349,2.72569050867092
1350,-1.931901183666783
1351,1.1115422310928835
1352,-0.8547366688063773
1353,0.8284125335556614
1354,2.1263505515063765
1355,8.342211800338925
1356,-1.6462314485367608
1357,3.2262848719908344
1358,-2.0979725875579254
1359,-0.8665462868728948
1360,1.5477314558023563
1361,-3.538823867598573
1362,-4.727824615907351
1363,-3.7840727545351482
1364,-3.15629360355938
1365,-6.3513028956280095
1366,-0.428792449998463
1367,1.2789431543988345
1368,2.6173651883977107
1369,-2.544310885949609
1370,-3.8719932210144115
1371,-0.9922441083391056
1372,-4.119287322690983
1373,-2.383611832599205
1374,1.8459855327458297
1375,-0.7372205139084171
1376,-0.16721935542528188
1377,-2.1071955914495835
1378,4.216669864082633
1379,-3.3404901059266408
1380,-3.2234576398635397
1381,-3.5862768838455477
1382,-1.674546676133696
1383,-3.3928120445446064
1384,4.550708002091308
1385,2.525989027966514
1386,-4.404393571127224
1387,-6.190331813017755
1388,7.568889349515464
1389,-1.7064979488618182
1390,-0.0858354407013775
1391,-4.8683023757743
1392,-7.634473618623931
1393,0.4983247526021002
1394,-4.085180503175065
1395,-0.8641011266683525
1396,-2.194145120852924
1397,-0.3518698882922058
1398,-5.951345138848182
1399,-1.8441484840511668
1400,1.2000424719124654
1401,-1.675291903781779
1402,-4.527784791916014
1403,-2.4324053569267132
1404,-2.9707807677598033
1405,-4.964855361279367
1406,-0.8589089682377988
1407,5.513370276319926
1408,-0.16254569264377672
1409,-2.73041065159285
1410,1.299498127264949
1411,2.1158503447145085
1412,-1.105679202300502
1413,-3.2354843639480126
1414,-1.4354650294946336
1415,-11.788278253876916
1416,-6.090097723702435
1417,-7.53588642664589
1418,-1.3564783461258934
1419,-3.7081476499314743
1420,2.0089931077652334
1421,-6.569691348768007
1422,0.5081011059588478
1423,-2.5818286869899523
1424,-0.7330532420119402
1425,4.552601719960818
1426,-3.330988688616016
1427,-0.14994622227515153
1428,-7.819097939295787
1429,-8.603525219559168
1430,2.599949727164023
1431,-3.389175225661066
1432,0.7159497421843
1433,-4.012195643528641
1434,-4.588789285084557
1435,-5.072867299122486
1436,-2.11406356796818
1437,4.505334332437162
1438,-1.4717391323412565
1439,-3.063767140208543
1440,-3.1031999053170036
1441,18.368479964365132
1442,-1.757944446151165
1443,-5.528917018372114
1444,-0.888554917670521
1445,2.6770267521298843
1446,-7.523798879449949
1447,0.4363236560826269
1448,-11.163382156959923
1449,-2.765030754750116
1450,-0.7028622070531525
1451,-0.6156583854375794
1452,0.9112306240910315
1453,-0.420439144132402
1454,1.2218352522396696
1455,1.609547445247696
1456,0.41334759541975696
1457,6.962076664232346
1458,4.481429233842947
1459,9.838789135326177
1460,4.70336067920834
1461,-8.434001982351027
1462,-4.393448033641255
1463,-1.1241427648972206
1464,5.259734599785859
1465,8.720396665142793
1466,12.273545439768077
1467,5.613857708152288
1468,7.007502429444031
1469,-1.5112737344683587
1470,-9.34754109371384
1471,16.90414330083165
1472,4.040763060853884
1473,12.255328381467265
1474,-7.0168529130125945
1475,5.2060316797100175
1476,3.439670179803203
1477,-3.8105762622273764
1478,-0.7561916058552249
1479,-7.14549699635033
1480,-0.2165306999877541
1481,-5.721440623780468
1482,-0.726893018272956
1483,-2.0433709639520226
1484,-3.902453022893814
1485,3.320267691421387
1486,1.4001977315405227
1487,0.8559483772754142
1488,-10.964413684931014
1489,-1.5288943723572235
1490,-5.294360413101125
1491,-3.199417033206789
1492,-6.458159129283382
1493,-8.242050067545184
1494,-3.397082046287464
1495,3.35154045480999
1496,1.666946993281254
1497,0.05295601649077675
1498,-0.10075903201468961
1499,8.372657476408103
1500,-3.0703773862911765
1501,4.313013471753685
1502,-1.1886516449189393
1503,1.3168588150186373
1504,8.84405075467159
1505,-6.282876120985128
1506,-2.3177531534805347
1507,1.4428112361147973
1508,-5.172858147275573
1509,-4.46526864334079
1510,24.72774440734732
1511,-4.517476254021577
1512,-10.439275225117221
1513,-10.38580028724828
1514,-6.365378775148205
1515,16.101962272282588
1516,-4.097743038653876
1517,-2.1874223667799475
1518,-0.15110789293838867
1519,7.5309913282225045
1520,11.130349959337842
1521,-6.3600436933689615
1522,4.932640566686456
1523,6.761302229884048
1524,1.1834801180427612
1525,3.0040991782248847
1526,0.007638769622182462
1527,-3.986419990042384
1528,1.0301840052125328
1529,1.4662123875373716
1530,-10.126664886923614
1531,-4.581384817126251
1532,-3.5488333473249813
1533,-2.1998462366002056
1534,4.4890589518082455
1535,5.800662053653241
1536,10.557030875028945
1537,-6.639607166509303
1538,0.3518113676493053
1539,-10.598036376575486
1540,1.736049037121667
1541,-12.264148693041605
1542,10.562634261614607
1543,18.23620566420947
1544,-4.524724334893548
1545,0.7037193406463444
1546,-2.157171611548511
1547,23.31041730214318
1548,-0.005193764642599241
1549,9.097414449342146
1550,-1.2310306602915269
1551,-4.438163611148745
1552,-1.8164433095963006
1553,-5.201495356759535
1554,0.012626369804618065
1555,4.867953986754904
1556,9.411900690410135
1557,3.8403094243640137
1558,0.8440785122270982
1559,2.215894460686632
1560,-2.9436823097178717
1561,1.725128564662219
1562,7.580797733369731
1563,4.270367822969799
1564,25.195625054209835
1565,-10.15817062397314
1566,-2.8222621252547904
1567,-0.1274216286549903
1568,6.233721338299427
1569,-0.22391820728887168
1570,-8.316277394625146
1571,10.518490102763044
1572,-1.054373848959738
1573,8.42880657107914
1574,-10.07013367750092
1575,-6.854881285848105
1576,-3.2752223819480903
1577,4.55129196232564
1578,-3.229099579502538
1579,5.627133364959392
1580,-6.1605416586751645
1581,6.664022182705361
1582,-1.689822332546687
1583,8.783482381434283
1584,8.075040313916894
1585,9.457591850962016
1586,2.164702398963203
1587,-18.742655927793113
1588,8.567018969652553
1589,5.353316762675967
1590,21.348557849656288
1591,13.750901593139945
1592,17.141523464905795
1593,6.603435727762681
1594,2.844747384380998
1595,-7.380777870306521
1596,2.7859205112968777
1597,0.9287676775833629
1598,-1.1757091341412318
1599,-3.6219011447691933
1600,24.50817255823221
1601,22.97018423639942
1602,6.348691378312473
1603,36.00094458235567
1604,12.296518759354376
1605,-15.771269851166824
1606,-2.4107771261704984
1607,-5.879998693097552
1608,3.128666481688456
1609,-2.8140733265891953
1610,2.6030741907883423
1611,14.257258729447098
1612,1.3598638398048548
1613,-5.923510360884942
1614,0.8659810196445221
1615,0.921955401052549
1616,0.28680489386404817
1617,-3.4209300546873678
1618,0.9467041917948462
1619,2.387970384080988
1620,5.875230414416866
1621,2.3787153015915994
1622,3.092378627224779
1623,11.761052150232128
1624,-0.6226563533019469
1625,-6.362189615847825
1626,6.737449361429312
1627,-0.48744513711691706
1628,2.5132051240414737
1629,0.7584712523782215
1630,1.115052809879403
1631,5.907829903399133
1632,-6.609418864291191
1633,9.543957945801248
1634,1.1995621279762982
1635,-0.9810026917185253
1636,8.405745103621502
1637,-2.151631982463594
1638,2.0244746130242763
1639,24.673928783713592
1640,8.659505605437742
1641,-0.3815236939957609
1642,-3.6134655563313776
1643,4.28803545690516
1644,-6.863768348140173
1645,24.087843981384644
1646,-4.229627531354037
1647,16.653665831092532
1648,1.458339633403876
1649,10.006552009136955
1650,4.790321654319849
1651,-12.609443847928159
1652,8.18328216202813
1653,3.081872229893847
1654,3.674255931141232
1655,6.670154498391242
1656,-3.770524044178429
1657,1.9558445160727493
1658,4.752319781521599
1659,13.871383624741567
1660,-3.273469419838243
1661,3.728659058696889
1662,5.7513172379751545
1663,13.840229578394865
1664,0.8019789955924566
1665,12.550682876169164
1666,-6.779097063461826
1667,-3.391431137922405
1668,-4.249775983127287
1669,-3.611182506290887
1670,20.86263466528402
1671,-4.1916634954882905
1672,12.11922423390867
1673,7.365684494283531
1674,2.004822885745367
1675,1.9091735288432696
1676,7.562140677521059
1677,1.0968927681149085
1678,-4.942910418574247
1679,13.064756968966925
1680,-1.7180567384626815
1681,14.820273944702251
1682,4.658735292923088
1683,12.121197083629148
1684,0.638307824524655
1685,-3.896298038530945
1686,-7.629743102937232
1687,22.44094628237255
1688,8.78571290662821
1689,3.0368547848405782
1690,5.082556337724201
1691,2.431618085135609
1692,-1.806931001656233
1693,6.642055873676768
1694,-1.6864173043249782
1695,7.742160178788501
1696,-0.9915734355053167
1697,-2.2424218248218777
1698,3.6627245099972097
1699,-5.09466614479814
1700,1.6272505515803122
1701,-0.8419614929884833
1702,-0.8705964383306566
1703,1.0059444290916764
1704,0.3832222942958854
1705,-0.49511941651730673
1706,0.8981241751647984
1707,-3.3331538579656748
1708,-7.748206017329754
1709,-4.669523769062326
1710,-14.805144197479214
1711,2.6837950674368902
1712,24.4264018774844
1713,-0.4723639948102303
1714,9.865676630720616
1715,7.296335642676447
1716,-0.7985142083169716
1717,15.306783826382459
1718,8.519179348152722
1719,8.184594606528467
1720,3.944183960178721
1721,1.8060039212072594
1722,14.306680414521729
1723,0.14579236332310375
1724,0.34646575359474774
1725,0.4694389463210977
1726,13.862310249171298
1727,9.723603349513418
1728,9.123760872891866
1729,13.604809500841757
1730,5.9873649872375685
1731,5.553697770864488
1732,-0.6076020568332869
1733,2.421159578053103
1734,-24.111771543229715
1735,-0.7819828171376013
1736,0.44719267520685957
1737,2.03139835438734
1738,-5.344009505102052
1739,-0.2507530577810182
1740,-1.85861504593584
1741,-4.851190732341029
1742,-1.9857122441059456
1743,-0.4586792973836733
1744,2.269178027650832
1745,4.226497896721792
1746,-0.4521473620362215
1747,-1.072651011038659
1748,20.597658900703646
1749,1.199018103649653
1750,-2.3539945649819707
1751,2.0087716945774567
1752,0.1017483374825292
1753,-4.8911884921486
1754,1.242648671797629
1755,-13.004952185452618
1756,12.09891906684537
1757,21.833351769521705
1758,0.22594533934298555
1759,-9.713869758155141
1760,4.718421496861641
1761,-2.8118615236598368
1762,-4.046266517110392
1763,-6.404971197296276
1764,7.556522582555413
1765,-10.191959288764375
1766,3.186777368474663
1767,-0.46068371937901276
1768,-2.4941427545102983
1769,-1.0871710899551166
1770,16.780333403312994
1771,2.7670019985534573
1772,-7.150575346387466
1773,-0.5182613181201692
1774,-6.357791673363564
1775,-3.8815711361604137
1776,-13.11657885263787
1777,9.572530303994748
1778,2.7752034706500353
1779,-0.527180372616586
1780,8.617736550828841
1781,0.6486584970577574
1782,-6.7223156829738455
1783,11.168486784002525
1784,4.171418015861198
1785,10.768997404351236
1786,-9.232685972347433
1787,7.1380921621125815
1788,-6.019359661340911
1789,-8.155311226489609
1790,-2.021196814234869
1791,0.107783390806373
1792,0.7597205036141248
1793,2.0900577138299288
1794,-2.4163624379245103
1795,10.538320592144405
1796,-1.8336639419839926
1797,6.775611049505807
1798,-3.8103498886260825
1799,3.991738669455441
1800,-12.021418444769306
1801,7.208652023870712
1802,1.6282364312030504
1803,12.138080940471518
1804,-0.4527561263726074
1805,2.4882696419129435
1806,10.499217817689669
1807,4.8191065849557235
1808,-2.983513823829
1809,-4.715619350514598
1810,-2.5192325473846395
1811,1.5203017612481688
1812,-3.300112632336491
1813,-3.8199726044500597
1814,-4.545019420943375
1815,3.686034404161533
1816,-5.504593761258334
1817,-5.540833949076683
1818,-6.1050564984108675
1819,3.7464793516490786
1820,-10.409034735927564
1821,3.165846341381102
1822,-8.523199618726352
1823,13.025013138050474
1824,-1.5195341882783335
1825,7.28668141443975
1826,-10.676937338721986
1827,5.984252833468643
1828,-2.8242077524004103
1829,-3.9747165326637566
1830,5.3653393707450645
1831,-4.882215098240373
1832,2.1233735203394897
1833,-2.4083449308058538
1834,-0.8234888856845224
1835,3.4017838966781753
1836,-4.825067323244262
1837,10.197757261031887
1838,-0.16307746849977178
1839,-10.204414965031082
1840,-3.397382557100716
1841,-3.8520761197708904
1842,-2.9557539180418892
1843,-1.0088324615243973
1844,-6.580733092449506
1845,10.545826427458849
1846,-1.4016852796171748
1847,-3.95400855108985
1848,-3.853029820356662
1849,2.948638232066573
1850,5.251642615812036
1851,0.08909933961761629
1852,-1.087676872494285
1853,1.5906253646629442
1854,3.4505082576611668
1855,-3.6880887596395726
1856,3.674913351723995
1857,12.767837887184811
1858,3.8347668911839374
1859,14.387938073227815
1860,-0.28359635973678854
1861,3.6772559875614235
1862,-0.3969102946561067
1863,-5.735531015253436
1864,19.86471565677848
1865,17.092571206739212
1866,17.5029584072165
1867,-7.621055716859804
1868,3.547626343483037
1869,0.617976630425559
1870,1.9335219173569405
1871,6.1670415505773555
1872,-14.948008036008646
1873,19.35889998873232
1874,13.22543819072801
1875,-2.4932080584879026
1876,9.020155691065089
1877,-1.0902091763918
1878,19.842363134783028
1879,9.909431214622673
1880,2.1132871707555334
1881,4.15562645892852
1882,14.748597269821907
1883,16.427245192108444
1884,-1.701486503980274
1885,0.1559784083853215
1886,7.170875103217753
1887,-1.166274073176683
1888,-7.290930149157327
1889,-0.1693952060973425
1890,15.829026659217508
1891,7.9340150611594735
1892,1.9885524560271985
1893,-0.9029669151969872
1894,15.461994153584627
1895,-3.3474154625249444
1896,-0.8181300705192347
1897,8.605062186224378
1898,9.20197223981298
1899,9.920940549897008
1900,0.3796674305488936
1901,-1.779751351876678
1902,-1.1044284789888836
1903,6.841201623626433
1904,21.083427427362174
1905,2.067642777626129
1906,17.098526570115183
1907,0.02023986854067994
1908,0.6244526460177262
1909,2.7491966213101877
1910,11.74308783143519
1911,4.263932097606774
1912,0.14984167615205113
1913,10.286228620358962
1914,0.17519989463435248
1915,23.336492422116038
1916,-1.0675121653612316
1917,18.125850413230474
1918,10.311758294158754
1919,2.407024098359752
1920,0.011456727918675469
1921,11.269432174355869
1922,-2.2155722926641612
1923,15.818369656021982
1924,-0.12792312408227002
1925,-1.9715431996034192
1926,10.595233570321874
1927,9.583428142522727
1928,3.0970996523384398
1929,-0.34963509628958
1930,0.5192652305402135
1931,8.020792938081684
1932,-2.9366070844119094
1933,2.6369936689267606
1934,1.6631302801147871
1935,1.5846900303312461
1936,-2.7151152091132777
1937,12.919152617932351
1938,5.470143610301468
1939,1.4222495960512402
1940,29.706327727799152
1941,0.6083537504933405
1942,-14.192342760172885
1943,-0.4817883471643314
1944,1.5114281863661585
1945,-2.637224697021172
1946,9.484142939352415
1947,-1.7335828326679703
1948,-3.0752536650434275
1949,5.4886649348679475
1950,0.7796388531013543
1951,10.11641973171437
1952,10.152930354472682
1953,12.384493521170754
1954,1.5571049211123253
1955,8.019955170012787
1956,2.9264501466374897
1957,6.378640843027144
1958,5.611090887853266
1959,1.4640339447852817
1960,-9.46997679894641
1961,5.481117220544135
1962,3.0439637392371273
1963,1.9132351753297705
1964,-0.2708129305599183
1965,21.967932237661863
1966,-1.6689044417216006
1967,11.695447704489137
1968,0.5175351309447467
1969,12.915735522867578
1970,-1.1003870189586862
1971,4.386846113088037
1972,-1.7115896473828762
1973,1.785705920194285
1974,-3.893891784823414
1975,4.311504808566305
1976,2.665665815901328
1977,2.78818461832224
1978,7.166898767703351
1979,1.983027255440823
1980,15.093174897815242
1981,-5.963415933902684
1982,4.846267139628887
1983,2.448685417825927
1984,6.9913792879713546
1985,8.632204353676958
1986,9.362031952345362
1987,5.698513742540954
1988,24.881287550140993
1989,12.624571116421162
1990,-0.08060666594677013
1991,13.547144648692326
1992,0.4683042503228556
1993,9.940131441153774
1994,2.580356093322569
1995,1.3692546701328627
1996,-1.7483224264069825
1997,20.140767108328866
1998,8.529995846000263
1999,7.182236663195265
2000,4.782216847307866
2001,15.183917374501773
2002,16.78254241219007
2003,25.390441451122218
2004,-2.08841062081234
2005,35.79896697725433
2006,0.6062119213368429
2007,4.360527353151887
2008,14.749328694494547
2009,12.941925893205823
2010,17.353954747882298
2011,6.915491927942432
2012,-0.06798018743455403
2013,20.22515858170027
2014,31.239194312799896
2015,25.491260869666743
2016,18.87212949549427
2017,19.544682273961364
2018,15.815299717815996
2019,-2.133423821477598
2020,-25.347301393458793
2021,14.257449854069787
2022,7.615143554664912
2023,22.491211713412717
2024,13.94936644374108
2025,-3.4841727019076387
2026,4.890903358117605
2027,6.436532979609524
2028,2.801272638115538
2029,-1.9039645848756754
2030,5.391051794560422
2031,14.35690241858374
2032,29.171182994874876
2033,25.782324655172154
2034,20.555217251298767
2035,5.247247801470285
2036,14.531742496247805
2037,14.034282108779134
2038,2.3921731650520988
2039,14.620108004334725
2040,19.593967670478413
2041,-3.1167779894772982
2042,25.128911865969066
2043,26.823408124722405
2044,15.442298004244767
2045,-0.4851248461234676
2046,14.076338231430597
2047,16.28253484309643
2048,-0.403994319091177
2049,17.76201612797766
2050,20.568537309153307
2051,23.014450248485584
2052,6.768703618100989
2053,-0.983626651551541
2054,17.706639880623968
2055,1.2877859813378603
2056,1.0921215223961385
2057,2.3754544891422085
2058,33.13027138350807
2059,11.301805090213382
2060,1.940082255033286
2061,21.19775372838874
2062,24.33852760039847
2063,21.87501896486454
2064,16.47527402433438
2065,1.0193392100452403
2066,3.015530963647328
2067,4.418943593292494
2068,5.358970265204288
2069,13.496412892183095
2070,24.372455352022815
2071,11.351004569237393
2072,12.6045725513574
2073,27.740582201170426
2074,11.98292221368547
2075,30.670907874396242
2076,-6.460247391146849
2077,16.89896527360709
2078,7.211278032807815
2079,4.706589835778868
2080,1.5121824899991534
2081,4.3162257033485565
2082,-1.676625741871443
2083,1.9791152515978525
2084,7.843167395815895
2085,5.767835430298662
2086,4.248881835763046
2087,5.959229153227673
2088,10.23651621008725
2089,35.77622633756915
2090,10.799218870817995
2091,11.634569833884175
2092,7.3725272621712294
2093,8.55646049726275
2094,0.5486476754046556
2095,0.6020755234258495
2096,6.690274063731245
2097,20.694953182235857
2098,18.801775301072
2099,9.719525659963333
2100,4.25532244519966
2101,9.905382257737092
2102,10.407506928313694
2103,-0.43767599107997146
2104,4.83459382956908
2105,-5.180830297558542
2106,9.194927602073882
2107,8.345025076473352
2108,-0.19598211102643326
2109,6.964820867511559
2110,18.590409902197486
2111,17.76608420327332
2112,-2.3932693033265364
2113,-0.4079584269157821
2114,1.7314888041465353
2115,-2.8135263499866907
2116,20.259117093751357
2117,3.492966605588014
2118,-0.7304909021159398
2119,-0.41838261610505967
2120,-1.0686918502879923
2121,4.653040704431463
2122,-0.9903158217823034
2123,10.629901219603953
2124,18.951959193820937
2125,0.7562952932249525
2126,5.062562857969941
2127,-2.788216653553828
2128,3.445757010388771
2129,0.471080867969643
2130,4.548306352486562
2131,1.338570731546514
2132,1.6236472827620996
2133,20.654227068949957
2134,16.94606914684072
2135,0.7677833865329982
2136,2.852039555270077
2137,18.652957502763456
2138,2.1720254468493065
2139,-0.21621723297615691
2140,-10.22048845084701
2141,19.5328468196157
2142,-1.8434463687294587
2143,11.534610803086936
2144,10.840849100193871
2145,0.27370238614606723
2146,-12.13176542571228
2147,5.062699156137179
2148,12.535124503230577
2149,19.41156610824381
2150,9.756811210989891
2151,-0.1866863666304157
2152,4.377727113831544
2153,18.370092584408283
2154,0.7532398863460923
2155,-1.0729036479500158
2156,31.53860523849542
2157,13.740064121500238
2158,1.5726126388247437
2159,4.500740907536807
2160,5.053906559453013
2161,6.608684197023862
2162,26.252810581384693
2163,3.483400694730155
2164,18.10478555043204
2165,11.470363305525574
2166,2.5604855913703233
2167,-4.157826766543046
2168,6.041080439207363
2169,1.5210340148225945
2170,9.48307063988473
2171,8.50243559115524
2172,2.810398846476293
2173,4.700225027802897
2174,15.483317181779642
2175,-4.873319051300004
2176,-3.794278020301809
2177,11.592656406823934
2178,2.072308644463666
2179,6.652069191339722
2180,24.990975987414217
2181,16.2054339773163
2182,9.35596844977213
2183,18.778881611103927
2184,6.0461221452937295
2185,0.5372405547383519
2186,0.9300735007569356
2187,-3.207977214717877
2188,0.8062955408704873
2189,9.122766834762668
2190,11.524191898338941
2191,8.817347690355591
2192,7.059227599205446
2193,17.159044128235763
2194,7.3477083059603245
2195,8.01816245203679
2196,3.6507121710731036
2197,2.167780368837299
2198,0.16065789873457303
2199,0.12348965810143087
2200,-0.2845103117542349
2201,11.760267158155187
2202,-5.3910335473036515
2203,20.030807968557088
2204,11.306297939999096
2205,0.6598996274541875
2206,6.212274572279934
2207,1.6114480840134204
2208,8.498338052465364
2209,19.037391388973045
2210,6.234617192885755
2211,20.80226338936143
2212,-1.589497176373408
2213,6.560086971147696
2214,-7.473979000455071
2215,12.315777312442226
2216,12.90338253842387
2217,8.962562567735432
2218,19.128491384593687
2219,4.143847703021608
2220,0.899358485644171
2221,3.2052074406379116
2222,-4.7229990893577005
2223,1.4428984023289582
2224,44.07580849682894
2225,13.498754124163614
2226,2.189461923012272
2227,2.410766251339516
2228,-4.5470188699473955
2229,-1.9942504747354965
2230,9.473053543924786
2231,24.711901741378036
2232,4.933382974577695
2233,1.5941621515156723
2234,5.018679398573747
2235,33.308250646624394
2236,-4.892409421179355
2237,-0.23293520662208556
2238,5.3787724466532945
2239,18.790846689831504
2240,10.196523300162038
2241,7.4545607067953314
2242,3.7056806204155706
2243,14.22372262258755
2244,5.885859489868949
2245,3.897685311007187
2246,7.729251322785735
2247,8.099773768641946
2248,4.799413651101052
2249,15.804877287192513
2250,5.800318884011782
2251,11.200345091274297
2252,4.535619331470868
2253,23.560226514625775
2254,16.924221194761174
2255,12.826167305282045
2256,14.457394119158753
2257,13.564619113551448
2258,8.428817725752996
2259,-1.3992813114285745
2260,5.248444162589789
2261,13.037365499068457
2262,31.05571292331338
2263,24.84755471983517
2264,-6.02692398244029
2265,0.967921799499138
2266,19.818046012189104
2267,17.600220612189787
2268,3.041832053218519
2269,0.20695270957319334
2270,1.1291242331189892
2271,19.221862913874833
2272,7.5657336383463285
2273,7.376080599345332
2274,13.551982265986098
2275,2.835989103855259
2276,3.982362656630535
2277,3.81796488023465
2278,5.156121906740092
2279,-1.0199308619424494
2280,-0.11387670760843971
2281,5.395588111885794
2282,4.000311466258284
2283,10.022276520292749
2284,3.206507351530515
2285,2.7098925342406526
2286,5.849088183298887
2287,9.171261704021624
2288,0.6190019733027257
2289,-3.8280619486073455
2290,15.478543986545073
2291,2.323324569790499
2292,6.84269077017419
2293,0.5722429591777023
2294,16.460958272202426
2295,-2.360944008063936
2296,19.894194585236896
2297,15.878245794941966
2298,-0.738572404845355
2299,7.267781097879639
2300,7.357113960896497
2301,4.63453027549116
2302,3.539289416456024
2303,36.5974038762835
2304,10.273488949953798
2305,6.1254579496090535
2306,-2.309340222130463
2307,27.597313148048606
2308,2.551694413046905
2309,7.343306597846633
2310,5.097336582387254
2311,12.614988261454554
2312,3.3951093823897933
2313,16.05368902856338
2314,-2.6427329061807803
2315,-2.0568631304315064
2316,8.415008041373328
2317,7.6980532512789495
2318,21.01687294207961
2319,9.391472551973504
2320,15.39348350753138
2321,-3.580845097435087
2322,-2.497822155871202
2323,1.4173695248452685
2324,1.2308491120638263
2325,16.754001761622966
2326,33.824111417751205
2327,3.487169292116378
2328,0.8557900974677253
2329,-2.9542692779805915
2330,1.110291049642032
2331,5.064073220395046
2332,9.41220574692127
2333,-1.131194223286038
2334,0.8648182527075403
2335,12.255534409432784
2336,22.81301795310482
2337,4.146921472992284
2338,2.770371043654222
2339,4.602079501221855
2340,0.5786037506256063
2341,-3.145425067841262
2342,-4.408811516520499
2343,13.496032019137335
2344,7.532130468788067
2345,-3.379168331814688
2346,6.744232952573978
2347,-0.3717803004638047
2348,4.822144086826531
2349,-0.22652649846979322
2350,1.755075038954963
2351,7.700313785361376
2352,9.36731040746118
2353,4.423393332739034
2354,9.91535013755497
2355,3.466592616509651
2356,14.552122962382871
2357,8.5003740031659
2358,2.2910115300723346
2359,3.5225100236079374
2360,17.24497689201764
2361,8.026685728277425
2362,0.039145041492964605
2363,10.38323344851116
2364,6.292768916570375
2365,4.273329807279725
2366,0.49904677696211786
2367,0.2764763988340819
2368,18.869020509870747
2369,3.173801380143429
2370,6.665075886194175
2371,4.257693158851944
2372,4.022171192218297
2373,0.1727026566012897
2374,2.572623150607158
2375,3.383885308926098
2376,21.148583998000344
2377,2.231656725809276
2378,3.441150118795487
2379,4.762981627148482
2380,0.4694984524649817
2381,5.009754210364017
2382,6.510673932861003
2383,6.58308419305293
2384,2.02139614948821
2385,2.800871805721653
2386,5.051554776668986
2387,-3.596837062536018
2388,6.208133437656503
2389,21.757261357614535
2390,-1.250576606879732
2391,15.28317426331563
2392,4.98924535385932
2393,-0.09067752887612279
2394,3.676998168132206
2395,5.356739536201757
2396,9.126058948949282
2397,-1.5334476810729742
2398,3.3629678773824048
2399,16.90468240584489
2400,12.493264130350882
2401,11.010963534475522
2402,9.749890270272097
2403,7.635772643381696
2404,-2.789137277587244
2405,12.455533549282512
2406,6.1071294131801706
2407,4.7488268814817
2408,2.087721985022817
2409,-1.0478481389451728
2410,24.641990490415395
2411,3.66766050087673
2412,0.6432602537999605
2413,4.1330209215767875
2414,10.95017904987234
2415,7.6739060126289225
2416,1.6184030170160788
2417,1.9360111097391939
2418,29.575393714566864
2419,14.414068356669727
2420,18.112756554192075
2421,5.914966116357019
2422,3.7285517019270706
2423,0.06241899768481218
2424,5.552921657598409
2425,17.781266705026084
2426,17.379260437235132
2427,11.208833003017801
2428,11.243419978285067
2429,8.395628394141099
2430,6.155432154640401
2431,-4.009228022557995
2432,3.3220620840361645
2433,9.601551414232073
2434,7.770916859641022
2435,3.473952533812164
2436,-2.7162602559670166
2437,26.6153124931851
2438,5.094248589542697
2439,4.485234288172158
2440,2.5881248455964343
2441,4.863662041977587
2442,2.0316814886975036
2443,25.888168327184495
2444,14.842980536840704
2445,-14.330070218640877
2446,-4.020260900836979
2447,31.42141818938555
2448,3.61135394702574
2449,22.99395607573291
2450,5.263920543586746
2451,15.43258869533484
2452,3.689740705386943
2453,17.650680740659297
2454,2.524336469784851
2455,4.373524449407308
2456,23.28002067062218
2457,21.38646761056476
2458,12.961650044642957
2459,25.09157167969485
2460,11.66109969614428
2461,9.591302239968797
2462,12.117823682011867
2463,3.3450950649205247
2464,19.523260598535817
2465,27.323501325808337
2466,22.566913625720822
2467,2.8111520518071718
2468,-0.35844735492779733
2469,9.014405990690383
2470,19.047197498358834
2471,38.47392518403673
2472,13.40450674612546
2473,21.209869451888295
2474,0.06189494869960965
2475,6.217883131386864
2476,-4.231644267405652
2477,0.22579123321529737
2478,16.4730649007684
2479,5.9231527577426935
2480,21.780149819681014
2481,8.048017834994322
2482,3.1602286506811708
2483,5.673944662885388
2484,5.96746659824974
2485,11.341466589766496
2486,5.075006056098678
2487,7.841562962336068
2488,12.197611212930289
2489,-5.7555942367066
2490,8.57619865628737
2491,19.391521822437692
2492,11.272257569998512
2493,5.278321423776572
2494,31.68279653175633
2495,6.891054294084827
2496,8.47454740380376
2497,3.3355283429072244
2498,1.1377812735047579
2499,4.937413988272698
2500,7.7043216246095145
2501,12.581808223531302
2502,25.25804802098927
2503,2.3830465293158594
2504,0.08377543482047134
2505,10.624261851414328
2506,4.062367284203925
2507,16.883153219028053
2508,-6.292221034898539
2509,3.529518659330872
2510,29.25528023660943
2511,7.204104909743098
2512,5.977666227576942
2513,2.021211765702243
2514,8.402143140549668
2515,34.920548593677026
2516,17.875082336089413
2517,11.57004884361184
2518,6.232330457834943
2519,0.7635857429404806
2520,-0.4239871595085065
2521,5.902799987119704
2522,-1.749950685295563
2523,1.1316887016227624
2524,-1.9665549356155425
2525,-0.80765454213233
2526,1.735281758637774
2527,3.321276199034803
2528,-6.2049516278231795
2529,1.8146750988417635
2530,1.7670975446384318
2531,5.7520894757511165
2532,6.0652930664583895
2533,3.55631110524825
2534,22.098698518560827
2535,14.376030898986347
2536,1.3720405714782258
2537,8.65822761514296
2538,5.671168368442378
2539,3.565516762880919
2540,-2.9056458843413617
2541,7.975605793029236
2542,22.427689826452117
2543,-1.0492104814503833
2544,11.89911507385784
2545,1.4374285608967936
2546,4.073516490272014
2547,14.83171536009
2548,-2.0156177081897866
2549,-0.5921057376599101
2550,7.724519183776152
2551,23.58721694820981
2552,-9.385453543701619
2553,-1.3070136439363578
2554,8.520229912254859
2555,1.430587175329598
2556,19.9950530052052
2557,6.010073404164391
2558,12.600711968508191
2559,36.94343530482549
2560,6.199046302873295
2561,-0.38856599754911403
2562,21.578882424289404
2563,0.7993193681472919
2564,-2.341099080980366
2565,0.08403435815324922
2566,3.9869422007207738
2567,6.15087801527528
2568,6.8273900618867245
2569,-6.648145310592456
2570,-4.113668214313295
2571,1.4587766753493168
2572,17.57760786085564
2573,0.07941526262426346
2574,-3.8700377364387206
2575,7.650443022905573
2576,5.602636435488083
2577,20.62047122004896
2578,1.4280137059206108
2579,2.1027119825861185
2580,1.5437074600462322
2581,5.01667606341182
2582,-1.7692457488844915
2583,4.646371448403317
2584,4.8371373685684445
2585,-0.10190185895509085
2586,7.214895554169666
2587,-5.309099030395441
2588,-0.8267662487626726
2589,3.2033116238811212
2590,0.4294626352354456
2591,4.169224701112829
2592,4.222632225604747
2593,21.339042114589006
2594,9.857278495594391
2595,-10.842497734392994
2596,0.2794682092036913
2597,7.930522913946752
2598,-3.1746122666489995
2599,4.388901980820704
2600,-6.1580301281902585
2601,-7.3682932562052255
2602,5.831892416691826
2603,3.005129181327059
2604,-2.714920358097239
2605,-1.843266379920042
2606,6.293798476120244
2607,14.462051720833927
2608,14.334738698795068
2609,-14.303998631306545
2610,9.048278337147169
2611,-9.078096893447432
2612,0.2742302817863447
2613,-1.7763568394002505e-15
2614,11.42630217623041
2615,-4.440892098500626e-15
2616,-0.002412223975279959
2617,6.31068933032855
2618,7.782231534675614
2619,9.175264033304401
2620,-2.398081733190338e-14
2621,0.6279227383336645
2622,7.671873292880594
2623,2.374898528945124e-07
2624,-0.36206742812933124
2625,1.887379141862766e-15
2626,-2.220446049250313e-16
2627,5.025644157612691
2628,-9.769962616701378e-15
2629,3.774758283725532e-15
2630,14.868176261756066
2631,5.240252676230739e-14
2632,5.134256111623324
2633,-5.995204332975845e-15
2634,1.2878587085651816e-14
2635,6.44861841455007
2636,-0.0002153634161057294
2637,1.3655743202889425e-14
2638,-0.00016118786904528726
2639,0.015937229874542158
2640,7.105427357601002e-15
2641,-4.6629367034256575e-15
2642,7.549516567451064e-15
2643,4.218847493575595e-15
2644,1.0658141036401503e-14
2645,-3.552713678800501e-15
2646,2.220446049250313e-15
2647,4.884981308350689e-15
2648,3.552713678800501e-15
2649,0.00011206108406103255
2650,-1.687538997430238e-14
2651,2.9976021664879227e-15
2652,1.021405182655144e-14
2653,-8.881784197001252e-16
2654,-1.3322676295501878e-14
2655,3.1086244689504383e-15
2656,0.07998618857921391
2657,3.3906313122643996
2658,-3.683638319929017e-07
2659,-6.847394407039076e-08
2660,4.011345789834937
2661,8.232303971012172
2662,5.329070518200751e-15
2663,1.5543122344752192e-15
2664,-2.305855041639937e-05
2665,6.217248937900877e-15
2666,1.4714208025345954e-06
2667,4.440892098500626e-16
2668,1.7763568394002505e-15
2669,-1.1546319456101628e-14
2670,2.886579864025407e-15
2671,4.621743617391711
2672,2.220446049250313e-16
2673,0.00011452371308995346
2674,-1.554312234475219e-14
2675,-1.7319479184152442e-14
2676,0.0017930309188227689
2677,-0.00035686293245551504
2678,-0.6772984337253067
2679,-0.0009112176609264999
2680,1.1102230246251565e-14
2681,-8.881784197001252e-16
2682,5.188215313418569
2683,0.020832646697504842
2684,-6.217248937900877e-15
2685,-1.7041686031227243e-06
2686,-2.6645352591003757e-15
2687,4.459794400446526e-07
2688,2.2426505097428162e-14
2689,2.1675026218304083e-09
2690,-2.220446049250313e-16
2691,-8.881784197001252e-15
2692,4.884981308350689e-15
2693,-0.003899224931035228
2694,-4.218847493575595e-14
2695,1.7763568394002505e-15
2696,-3.108624468950438e-14
2697,3.9968028886505635e-15
2698,-4.733467897644061e-06
2699,-0.09847479234734191
2700,3.984201788911699
2701,8.881784197001252e-16
2702,-1.9984014443252818e-15
2703,-0.0
2704,4.884981308350689e-15
2705,0.0036201020252453198
2706,3.552713678800501e-15
2707,4.655838374932799
2708,-6.029226957693368e-07
2709,-2.6645352591003757e-15
2710,1.2434497875801753e-14
2711,-3.1086244689504383e-15
2712,1.3322676295501878e-15
2713,-1.7763568394002505e-15
2714,-1.3322676295501878e-15
2715,4.440892098500626e-16
2716,-7.993605777301127e-15
2717,-0.41914322321101416
2718,8.881784197001252e-15
2719,-3.9968028886505635e-15
2720,-2.886579864025407e-15
2721,2.7260131682860234e-05
2722,3.1086244689504383e-15
2723,-0.09615092636299227
2724,-4.440892098500626e-16
2725,-2.6645352591003757e-15
2726,1.3322676295501878e-15
2727,3.552713678800501e-15
2728,1.1102230246251565e-15
2729,1.6351777445925686
2730,1.7763568394002505e-15
2731,5.537009811664622
2732,-8.659739592076221e-15
2733,4.440892098500626e-15
2734,-1.1102230246251565e-14
2735,0.04102141774994772
2736,0.01374303210279848
2737,-2.220446049250313e-15
2738,3.192859573730722e-05
2739,-8.881784197001252e-16
2740,-0.005036248495112972
2741,-1.9984014443252818e-15
2742,3.6652540310976276
2743,-3.9968028886505635e-15
2744,1.9984014443252818e-14
2745,4.440892098500626e-16
2746,2.0656716994693625e-06
2747,0.03069592728278181
2748,-8.881784197001252e-16
2749,4.440892098500626e-16
2750,-0.25165533591603984
2751,-6.525784623789832e-08
2752,6.638832499612661
2753,5.995204332975845e-15
2754,-4.884981308350689e-15
2755,-2.752014312443918
2756,-2.4868995751603507e-14
2757,3.552713678800501e-15
2758,8.881784197001252e-16
2759,-4.440892098500626e-15
2760,8.48274802884612
2761,-0.5394053370223764
2762,7.105427357601002e-15
2763,5.440092820663267e-15
2764,1.1791974818819995e-07
2765,1.7763568394002505e-15
2766,-7.549516567451064e-15
2767,9.769962616701378e-15
2768,-5.773159728050814e-15
2769,0.0001203369572726487
2770,7.47640248868467
2771,-5.773159728050814e-15
2772,6.217248937900877e-15
2773,7.791789082944867e-06
2774,0.0008987856608886347
2775,5.329070518200751e-15
2776,-8.881784197001252e-16
2777,-2.7755575615628914e-15
2778,-4.884981308350689e-15
2779,-8.881784197001252e-16
2780,-7.771561172376096e-16
2781,-1.2136825861009253
2782,1.3993114855725963e-06
2783,-8.881784197001252e-16
2784,6.910970538376304e-05
2785,-6.661338147750939e-16
2786,4.940057857486784
2787,-0.0
2788,1.021405182655144e-14
2789,1.176836406102666e-14
2790,2.6645352591003757e-15
2791,6.439293542825908e-15
2792,0.0010258084019274527
2793,5.435483387827844e-07
2794,-1.3547258834734066e-06
2795,1.9539925233402755e-14
2796,6.217248937900877e-15
2797,9.764051676075525e-07
2798,-3.1086244689504383e-15
2799,-9.325873406851315e-15
2800,-7.993605777301127e-15
2801,1.9736576111458919
2802,-0.718552169073539
2803,-5.329070518200751e-15
2804,-9.992007221626409e-15
2805,9.769962616701378e-15
2806,4.845039455305505
2807,-3.3306690738754696e-15
2808,-0.00013865088468900666
2809,4.218847493575595e-15
2810,-1.3322676295501878e-15
2811,-2.220446049250313e-16
2812,2.685871974952847e-05
2813,2.1753476948073867
2814,-2.220446049250313e-16
2815,1.584312275154998
2816,-0.036905019067721145
2817,1.5543122344752192e-15
2818,-1.3322676295501878e-15
2819,2.008978779491125
2820,8.881784197001252e-15
2821,-1.7319479184152442e-14
2822,-0.8835613095635666
2823,-5.773159728050814e-15
2824,-2.708944180085382e-14
2825,1.4654943925052066e-14
2826,-3.552713678800501e-15
2827,2.6645352591003757e-15
2828,-1.0658141036401503e-14
2829,5.329070518200751e-15
2830,-8.659739592076221e-15
2831,8.958696640805236
2832,2.1132187485940266
2833,-0.002605983378898946
2834,2.042810365310288e-14
2835,0.3850111912164893
2836,-3.552713678800501e-15
2837,9.794600780032212
2838,-2.220446049250313e-16
2839,0.0021499176337993475
2840,4.440892098500626e-16
2841,0.8480141448244374
2842,0.0001224584189829514
2843,-5.995204332975845e-15
2844,-9.741961136455757e-06
2845,1.3322676295501878e-15
2846,1.0507290317038196
2847,2.220446049250313e-15
2848,2.911564356636083
2849,6.762889268988083
2850,2.6645352591003757e-15
2851,1.2212453270876722e-14
2852,-7.955402763215602e-07
2853,0.0825670055401968
2854,0.00010914509268578065
2855,-1.1382421115630774
2856,1.7763568394002505e-15
2857,-0.0008032458732758485
2858,-1.6501287022796518e-05
2859,2.5980466037212206
2860,-1.255471376601128
2861,-6.661338147750939e-15
2862,0.0038940636456819
2863,-9.544218791535108e-05
2864,1.7763568394002505e-14
2865,6.772360450213455e-15
2866,2.221312747131559
2867,-0.00014600387405305781
2868,2.6556157284752957
2869,-2.1713449471705655
2870,2.0097082966685775e-06
2871,4.9075159783473765e-05
2872,-0.14201699952241187
2873,-3.552713678800501e-15
2874,-2.4424906541753444e-15
2875,0.05946928699081089
2876,-1.021405182655144e-14
2877,-8.881784197001252e-15
2878,4.346357632543322
2879,5.337974544245897
2880,-1.2992564379606661
2881,1.9984014443252818e-15
2882,-2.094103749339382e-05
2883,-0.0010451926159713576
2884,6.638746540478092
2885,12.23001476515733
2886,5.329070518200751e-15
2887,5.760824927503477
2888,2.6645352591003757e-15
2889,-2.6645352591003757e-15
2890,-1.2131315862973224e-06
2891,-0.16251526202287425
2892,1.983570751296071e-05
2893,7.545096123314401
2894,6.360121623518363
2895,7.208509420786515
2896,5.484242418106247
2897,4.342816102543135
2898,8.63658802315271
2899,-5.750908394200544
2900,-4.367437853621613
2901,7.94171085900283
2902,5.123844175492439
2903,-0.08661856101988041
2904,0.2494113983099704
2905,-7.184631312208593
2906,-1.509903313490213e-14
2907,9.32375880850649
2908,5.092748865780871
2909,4.8946721271545215
2910,8.198525288372652
2911,3.5079694099660146
2912,5.972270162682562
2913,0.011755713844701532
2914,4.440892098500626e-16
2915,5.762488738816232
2916,-6.453214941304353e-07
2917,-2.899283660613132
2918,4.6441490174590605
2919,-0.021867857944518287
2920,-7.549516567451064e-15
2921,-4.113452401621519
2922,3.559057428214472
2923,0.8264754979303763
2924,0.09189254955005777
2925,-3.9968028886505635e-15
2926,1.9467079397992193
2927,1.3322676295501878e-15
2928,1.2947263285624127
2929,2.6645352591003757e-15
2930,7.393496742104437
2931,-0.01828314036637002
2932,5.899994401645957
2933,5.216558232307943
2934,-0.00014979877419796228
2935,1.9227482050591558
2936,1.3322676295501878e-15
2937,-0.007453775348140734
2938,5.177680258228179e-05
2939,4.567403475422713
2940,7.993605777301127e-15
2941,3.8296528151976084
2942,5.773159728050814e-15
2943,-1.3322676295501878e-15
2944,0.0018445385447289908
2945,2.042810365310288e-14
2946,-7.771561172376096e-15
2947,-1.1206875760727542e-08
2948,5.204296597249441
2949,5.015633712801559e-07
2950,7.945270707413624
2951,2.1381475268247714
2952,2.042810365310288e-14
2953,-3.121427021437108
2954,2.136527618709275
2955,-1.3322676295501878e-15
2956,5.727477947419757
2957,2.329834134356678
2958,-1.5543122344752192e-15
2959,8.236956904390613
2960,-5.10702591327572e-15
2961,6.804600894204086
2962,-0.17925479282426893
2963,1.182207285399528e-07
2964,2.669351464211227
2965,-9.992007221626409e-15
2966,1.9099983459095369
2967,8.881784197001252e-16
2968,3.212990300016649e-05
2969,-0.2366795235409116
2970,-0.1566181156646711
2971,-0.006198846467648789
2972,0.18434769181897304
2973,5.565396120556059
2974,1.9016759741500715
2975,1.8658080933071655
2976,-0.00882921161694794
2977,2.0912946686854674
2978,0.15888807145902795
2979,4.515578588128349
2980,-7.993605777301127e-15
2981,7.530271110284444
2982,0.004848663463769665
2983,5.6125221862490804e-05
2984,-0.000159802233048012
2985,3.8363547675734315
2986,-0.0
2987,-0.6861282691221446
2988,-0.0005041751255361326
2989,6.335721391912498
2990,1.2015218895378155e-06
2991,1.0583377913919563
2992,5.4608241482781725
2993,1.0286248360413808e-05
2994,0.01178700562120305
2995,0.01241606180812016
2996,6.661338147750939e-15
2997,5.773159728050814e-15
2998,-0.7453283224211811
2999,-0.030976686088670657
3000,6.468262116722851
3001,-0.001664871151883407
3002,-6.258151818538948e-06
3003,-1.687538997430238e-14
3004,5.825777517801885
3005,4.440892098500626e-16
3006,-6.661338147750939e-15
3007,-1.4494987523266545
3008,0.5062412930317302
3009,3.0861088215224055
3010,-1.6187080109016678
3011,-0.003796998254089967
3012,4.854676334897576
3013,0.1549573405468161
3014,5.109630881795274
3015,3.020991047548216
3016,-0.0004437674953545745
3017,1.209806809257561
3018,0.0007061786335815778
3019,-0.14735140478361153
3020,-2.589788707700791
3021,4.177567944346286
3022,3.552713678800501e-15
3023,-1.2568779342215683
3024,-2.3283853273327733
3025,-3.4399497453341157
3026,2.6404094751859626
3027,5.482264568942469
3028,-2.119773881839802
3029,3.424229434273041
3030,9.696043178199734
3031,-2.740477969746784
3032,-2.7373393265406634
3033,3.3854886330085936
3034,1.010579785793102
3035,-10.213918673084295
3036,4.415569105425366
3037,0.06598158603142545
3038,1.9619384676568252
3039,0.8330407799387671
3040,10.573889609590962
3041,4.197208012287822
3042,2.15059921482026
3043,3.4811887532487575
3044,2.0118850752079895
3045,3.539804275491692
3046,3.490533511060165
3047,0.5297112618538897
3048,0.8606267888739119
3049,-2.648917507311298
3050,-0.8300309657675555
3051,0.6536350159340429
3052,-0.23347387546621512
3053,4.771441485838974
3054,2.5585425039455596
3055,2.328675444900488
3056,0.35388580424155347
3057,15.114783915809777
3058,1.1450874339495636
3059,13.074497005201698
3060,-3.6915561385841817
3061,0.554253052058618
3062,30.67147872985649
3063,3.969965086069843
3064,16.1585829622293
3065,-0.8854691605474483
3066,1.9714097949654796
3067,17.563093184069686
3068,8.769117971555815
3069,4.226187037685268
3070,5.890451028235759
3071,-2.3534288400964454
3072,-1.1055153424859931
3073,2.8177199627170113
3074,0.9884447281480178
3075,3.4203402514216656
3076,-1.179934072987956
3077,3.9522918824573754
3078,-1.8477496060672456
3079,2.0063750712789803
3080,-1.7025433200855682
3081,14.306657649845894
3082,2.1010216633679955
3083,5.90501096822892
3084,13.506594752970829
3085,2.311589423190215
3086,-1.3417036407778942
3087,15.007144705993774
3088,1.9492697867386757
3089,1.9843417332020614
3090,3.7343783015271232
3091,-3.7856843020099493
3092,12.254744127390982
3093,7.876759044865727
3094,-19.978358398320136
3095,15.85867800846539
3096,-1.8482897184709968
3097,26.080902640918165
3098,4.485810167972543
3099,1.3066563911486744
3100,2.441848386113713
3101,3.503427583373849
3102,5.437765677604894
3103,2.0621179829019383
3104,1.3424552679999495
3105,5.980705135611823
3106,6.628675774362079
3107,-0.17861752047235724
3108,4.315917344460537
3109,-0.27551594643476385
3110,0.6586886970475119
3111,5.106289664012689
3112,5.731540558454574
3113,4.61805265271581
3114,6.198301618454511
3115,3.5412022590360697
3116,5.843105211895738
3117,1.4042587733599659
3118,7.036466972075359
3119,7.0451179191032605
3120,12.770195849831776
3121,4.834200537971913
3122,9.517824535364957
3123,4.70400683085251
3124,1.3031578316177304
3125,-4.120963528972589
3126,3.485334126829546
3127,20.16441119366167
3128,10.08422171240864
3129,30.76895609975785
3130,-1.337266122837686
3131,1.2716996937722427
3132,-2.8978648355832926
3133,-2.067447540674744
3134,8.657689971995747
3135,2.480257309583206
3136,2.859066960294001
3137,8.45043885816519
3138,-3.759228683527768
3139,7.177502108304179
3140,4.104551568112301
3141,4.86030488050334
3142,-8.01544345094099
3143,10.87728267560422
3144,14.856278860040694
3145,5.0665912797952135
3146,2.0947077947529156
3147,7.466488594974985
3148,7.425270838030073
3149,1.1174062868074426
3150,-6.387912189481762
3151,3.3358942188019785
3152,11.017217083156723
3153,8.820408308100014
3154,22.05985707602113
3155,2.2074419766516793
3156,2.142090462015879
3157,-2.2827415410603082
3158,3.7199199242269985
3159,8.091848295689097
3160,2.7110492315591834
3161,17.380226620655748
3162,7.049303593326145
3163,-0.6482769156242805
3164,7.526426026920301
3165,-0.6065728261543004
3166,1.4829261170248547
3167,3.852891977817593
3168,-4.1036803362520455
3169,4.295854651230212
3170,5.713111138332765
3171,-1.8362261249088148
3172,7.989179828455655
3173,13.022008966055886
3174,7.52558358770181
3175,23.338138641107616
3176,12.963193926228204
3177,6.293769767639404
3178,10.98682073539009
3179,0.8487586099819029
3180,14.983287614303343
3181,13.44392165268174
3182,6.786823750127896
3183,11.619570291593178
3184,13.413176569687785
3185,0.06765349423931788
3186,-0.31259878392026996
3187,22.98463641490796
3188,4.299563881612944
3189,16.455483754569673
3190,10.623170179807317
3191,11.15824794232238
3192,0.818415277687544
3193,20.6739326641313
3194,28.498428281276443
3195,5.535697959177149
3196,20.856307977900073
3197,-6.101440927262466
3198,13.430264018330327
3199,5.1017103681779785
3200,-1.3978343489772014
3201,2.051087403519576
3202,14.680624665371576
3203,-16.192903870111024
3204,4.83247760729404
3205,1.374405140295241
3206,3.019222083172711
3207,3.3250546078884016
3208,1.1751965345810265
3209,6.168890616264272
3210,-3.742932193043103
3211,-1.5153427750455277
3212,-3.245294559708108
3213,4.753987160751762
3214,-6.378417466084561
3215,-9.473649682039412
3216,10.268866010711855
3217,-2.208059830829061
3218,11.208731785804357
3219,-6.276401669399656
3220,2.2639557642646446
3221,3.562539209017713
3222,-3.1624711682242497
3223,14.466823210874448
3224,-1.419391128010993
3225,14.345555401043825
3226,3.713338492164234
3227,2.9701597229760286
3228,-0.17143783444597593
3229,7.249447466077845
3230,-1.609545886453354
3231,3.964138882406372
3232,7.511478343109423
3233,-0.31713957680598925
3234,2.977966530848457
3235,8.386196705129729
3236,0.2796111065750051
3237,12.343316279552274
3238,6.3135868866022395
3239,0.42286743955816464
3240,4.826849543879394
3241,-3.5449780632844017
3242,6.86191605413406
3243,1.8430457983737227
3244,2.15743788203288
3245,-6.661239339830628
3246,-18.798501299533644
3247,-6.453212474883629
3248,3.3917845414712744
3249,-4.785003159352671
3250,-5.09470017486753
3251,-7.380829831361721
3252,-1.2477380887180445
3253,-0.7087479171383375
3254,-4.517500285846953
3255,6.680849497733167
3256,-1.179040725058023
3257,28.49928240809553
3258,-10.658057989908833
3259,-20.27840453877337
3260,0.754059492089024
3261,11.116350130574313
3262,6.395508597121086
3263,-2.9341694143344705
3264,-7.947242101543415
3265,7.216931122853027
3266,-6.2611228802482275
3267,11.331396184667346
3268,6.895751150564971
3269,2.4960411490722665
3270,15.500762459153112
3271,-2.004520500147324
3272,1.086213374305804
3273,8.07903333511626
3274,3.2595656204235635
3275,-5.157866253745531
3276,2.741189722724254
3277,-5.90369054487147
3278,6.276366561687704
3279,-0.6731238424961701
3280,-0.3202416057257347
3281,-2.457249025318042
3282,12.973181762793757
3283,32.1486742459274
3284,6.97750312184082
3285,1.859897080100307
3286,10.382951589224682
3287,8.360983105300656
3288,8.98256675874614
3289,3.444017354390266
3290,1.596658260203489
3291,20.16013668565746
3292,-1.9856482113289484
3293,11.935585622745966
3294,14.016049780143934
3295,2.856735742512511
3296,4.646825430199264
3297,16.451730826450746
3298,2.3428295014580205
3299,5.2077350948375445
3300,18.516887982123954
3301,9.26076921217976
3302,9.66548784930914
3303,7.364959872147999
3304,-17.015145836202002
3305,-10.283550198004594
3306,-4.303914953362479
3307,8.1566549368724
3308,3.699703397636232
3309,-6.454963505204976
3310,17.677704474529186
3311,3.6800349361565794
3312,-4.07662863952287
3313,-6.309823539619952
3314,-10.201593076921442
3315,2.8685708984004794
3316,2.6861052136322674
3317,-8.939772715673342
3318,-1.4083700364444072
3319,10.916167878919659
3320,9.93187107346407
3321,1.2721551870922259
3322,17.629568716654838
3323,15.762256860225364
3324,5.360442566675689
3325,11.862174289443757
3326,15.761158386854117
3327,15.883873521835588
3328,12.444533957508598
3329,11.645534085739136
3330,1.6598497045892344
3331,3.428309734068708
3332,20.416265103891767
3333,9.902540658098285
3334,5.365853331294387
3335,-0.009556671657064086
3336,11.531733064610446
3337,8.532577719927147
3338,24.3394793850049
3339,18.74494154987853
3340,17.70168931041794
3341,6.742972572702799
3342,3.6186409934753847
3343,6.817032962137546
3344,-0.6271132982062952
3345,25.399928619830582
3346,22.688172437667404
3347,23.945339159662424
3348,31.725061813780155
3349,-0.9170278988586653
3350,18.280545587825273
3351,1.9174505863718596
3352,-5.143172388911795
3353,-1.3591127152440916
3354,-1.9779349249668066
3355,-1.309067179882226
3356,4.716568718043925
3357,29.046351375836245
3358,6.51779250542254
3359,35.6047345689962
3360,4.639838224463135
3361,13.255362789265192
3362,2.7334082316536605
3363,24.784031039446198
3364,24.89773790799122
3365,25.6411698438478
3366,2.0499539889959495
3367,21.900212218261796
3368,-1.691250962830166
3369,9.347476071171657
3370,17.925413589352207
3371,1.0558774026616873
3372,27.06084046324624
3373,18.14292037701288
3374,2.717615723965805
3375,7.671430135670003
3376,-4.624393039492385
3377,1.5665034240210838
3378,21.094737714574546
3379,10.341989759707964
3380,16.098129508508514
3381,15.124821742312136
3382,4.400383847568646
3383,15.84506519831261
3384,33.35273062659424
3385,-1.1804549952985908
3386,-0.3623490944911314
3387,8.165122499064623
3388,36.42985380288471
3389,7.845364135721244
3390,28.264994556703535
3391,5.393941171167802
3392,26.376899991868573
3393,3.688662281920859
3394,17.764192378841557
3395,6.181334862036353
3396,17.80409514334935
3397,-6.583080710519122
3398,-2.220709255639281
3399,11.817151834056787
3400,26.21416803371842
3401,13.030576813255678
3402,3.284229404266952
3403,9.941641334572891
3404,13.757452456859607
3405,6.670894956679751
3406,15.424450709328216
3407,1.8832477089767892
3408,-3.433096760442589
3409,3.5486963963674842
3410,9.799081621393242
3411,1.498738589063356
3412,-2.0024992723242647
3413,1.4914256975133573
3414,-1.8359265038843642
3415,23.446718612034704
3416,9.207085544265942
3417,21.339778769814068
3418,14.91080394634015
3419,3.619679957545646
3420,5.8951661405368725
3421,24.162640316848226
3422,18.304203309296664
3423,-3.9901076898267993
3424,11.56903904863943
3425,13.965030833225871
3426,16.489984015884957
3427,9.44561552687624
3428,22.90297035233727
3429,-5.087981375979745
3430,11.815162870796296
3431,5.791371698137642
3432,6.7105418839976405
3433,17.373774846232052
3434,14.413677107949638
3435,6.275209654545218
3436,4.030045652893713
3437,6.378334193407447
3438,-3.0027723259882944
3439,24.177771721067806
3440,-4.3365558544585845
3441,3.883337238937317
3442,-2.3268081190442813
3443,24.819611929612552
3444,13.169642000387105
3445,21.24119614453123
3446,21.526422448608564
3447,17.61018889271155
3448,6.385526841496279
3449,8.773289417414997
3450,3.0585440987524093
3451,2.0150304286946135
3452,-8.636438905779034
3453,-1.8704426800088778
3454,9.615170455606066
3455,10.963833658819052
3456,5.284438526083404
3457,47.10734225319709
3458,20.469790662263105
3459,26.029853313910245
3460,7.693808788382479
3461,9.71923327402056
3462,25.74133476360753
3463,6.776345654859911
3464,-0.10814858205274103
3465,9.951209476829622
3466,15.940459262967416
3467,10.986296387860971
3468,6.609893157764537
3469,8.474700085320631
3470,7.049002332172309
3471,2.1176940226267043
3472,-4.069771513065415
3473,3.750586140979678
3474,3.708905259332152
3475,2.0175726179994284
3476,9.468727117230252
3477,0.29492486090439485
3478,-2.7287528367062057
3479,2.458678949065061
3480,-19.289608859249707
3481,7.077306792869507
3482,14.232454990984035
3483,2.5619636407126016
3484,6.983418896368907
3485,15.789163393610975
3486,-3.9938150968552617
3487,0.45532598388356726
3488,8.975059813863748
3489,9.088429432089196
3490,-2.2586106869040536
3491,13.741960185884793
3492,0.695065480888406
3493,3.6653437737919266
3494,4.458961612980499
3495,1.6778642544375835
3496,-2.9224613341758827
3497,10.04553000283972
3498,24.747195578036557
3499,4.269113400843658
3500,2.4428602387873397
3501,5.146208032028519
3502,16.381377757189085
3503,15.664771394044848
3504,28.160324810108285
3505,0.4801076884243889
3506,1.812585016236996
3507,-2.3052621127388373
3508,0.33252100203887824
3509,7.702586702187736
3510,4.66995126699692
3511,-2.1032066087949994
3512,-2.390973679771026
3513,11.167779079677628
3514,-7.571953198522981
3515,0.7877699587157676
3516,6.304567596520452
3517,21.236296592894448
3518,1.8838074778393032
3519,5.413154294640854
3520,24.70760982551228
3521,7.431016739431275
3522,20.112113047749524
3523,0.42962213252126613
3524,9.31555110499612
3525,1.2143099640742485
3526,3.530539927701501
3527,12.303854571730373
3528,-0.9893378768450054
3529,7.2915829094772295
3530,11.949729024117797
3531,-0.6179860942975188
3532,22.11510421633358
3533,8.537674182105496
3534,-8.12713479200166
3535,20.402936455414693
3536,6.2846519678367985
3537,24.199745949987392
3538,41.46760116703532
3539,1.5032797862687484
3540,3.5545314427700845
3541,-3.26658748460485
3542,19.444538416288637
3543,25.817738472619844
3544,0.5592479286513656
3545,0.7090837171469335
3546,0.3843358482233783
3547,5.715195328332624
3548,8.378685925653699
3549,1.6529989990637262
3550,27.897699380227365
3551,13.221524799859077
3552,18.849359479180528
3553,11.870265833625892
3554,-1.722571504884108
3555,9.262445653130888
3556,39.64110539784359
3557,11.925423164330443
3558,2.808549506284276
3559,-2.629467245237288
3560,-1.6402435142626457
3561,9.402246472688331
3562,17.464255157449188
3563,13.682437567127272
3564,5.911923861824082
3565,37.548499283210965
3566,21.82610363249676
3567,-1.761842975625366
3568,-3.0785790248801117
3569,23.407797076889075
3570,9.917558883034191
3571,12.107034803936553
3572,3.8908823285517786
3573,2.318321126357211
3574,7.383094171303263
3575,13.78638711447699
3576,3.4403439002346916
3577,-0.8879845519235916
3578,18.262928130796297
3579,-10.441029930548165
3580,16.037352715711002
3581,25.261835315565065
3582,10.871207632808696
3583,12.58543030364077
3584,3.0044498631554397
3585,11.487331600284117
3586,30.486948972222557
3587,15.977168289368409
3588,18.885957646374894
3589,6.507940783443262
3590,5.496833521450373
3591,10.163492090512394
3592,4.967780976921637
3593,-8.433511937600727
3594,7.366252883673822
3595,22.706001447408724
3596,-2.183696470536738
3597,4.055265360786942
3598,6.924480313994437
3599,17.33345571256754
3600,22.790946013015052
3601,7.37450691026298
3602,20.146639360283004
3603,-10.743302106535596
3604,17.37618560727372
3605,19.547911612186034
3606,-2.1231358585967772
3607,2.314118488798366
3608,1.1965788299721822
3609,0.16822340561621374
3610,9.09127502865304
3611,6.741626366604844
3612,-7.552091580747483
3613,4.803953558566536
3614,-4.005987094406018
3615,4.9679968978941975
3616,4.912419225857164
3617,0.587555451274345
3618,1.472984141271792
3619,3.1155242472542852
3620,8.285785895018474
3621,-0.8100150914713407
3622,0.7847316847804926
3623,2.873212045355192
3624,6.714091856097983
3625,-4.5434417877363655
3626,10.34768509824428
3627,0.17211824233824657
3628,5.245644734330678
3629,-5.206389930364437
3630,4.796771811390465
3631,-1.0578116698942543
3632,-0.5761353205706357
3633,25.85106066161054
3634,5.986907285896519
3635,19.193610100643763
3636,-4.129333497137566
3637,1.9156834030570487
3638,7.3603737212068365
3639,12.4160550443721
3640,-1.5315724302716243
3641,-3.3092010533849896
3642,1.4311718588445377
3643,3.010475792462856
3644,2.1752360453499793
3645,-6.5664952883459575
3646,-10.291179077299983
3647,0.7358556486139651
3648,3.802148347851588
3649,4.169015881015644
3650,-7.014649784670009
3651,3.873249002333053
3652,-6.856496000831354
3653,1.9405701839397231
3654,1.50555226237366
3655,35.47777707037285
3656,-0.39778179344861675
3657,-1.7770645444048867
3658,14.657641358331333
3659,20.150155674711055
3660,1.606499600897422
3661,5.570084242663559
3662,25.264718516499702
3663,-2.7402428301828046
3664,0.5616495340811802
3665,5.51847702795682
3666,19.53409725564658
3667,8.193558651604857
3668,8.18142552392229
3669,-3.069145216613808
3670,5.7769592276025685
3671,20.547059834244983
3672,11.345173902976828
3673,10.049176785538112
3674,0.769106959312194
3675,4.3534603473981335
3676,-9.688115278471628
3677,4.907364667999842
3678,3.3063910716943785
3679,16.50304843341244
3680,-1.874268525773541
3681,-4.094649342974135
3682,18.003045387143302
3683,-3.8939195331145733
3684,-2.238345342065779
3685,6.6222903494601475
3686,-4.719209624100665
3687,2.919955226575766
3688,5.687761432287821
3689,5.308490969191986
3690,-3.760531055551965
3691,6.852476204356815
3692,6.620823345728036
3693,2.3922777830062705
3694,-3.5927443037108775
3695,-2.181648844240377
3696,-1.5206106574348333
3697,1.31536867558769
3698,-8.572482621878232
3699,0.0676353722456211
3700,2.857305290470311
3701,5.019312220524877
3702,0.8874205242282422
3703,1.8642808174266872
3704,5.261860057377318
3705,4.4944617198502215
3706,18.6037574776397
3707,13.49479889024575
3708,3.7208795237550394
3709,-6.724844971933373
3710,-1.9781409556179872
3711,5.953592246460794
3712,23.224047596791266
3713,10.288761093722801
3714,22.15406665565805
3715,3.4795928926358393
3716,2.025195560249987
3717,-1.7756878298875467
3718,-1.4312548759998545
3719,-9.010291744341536
3720,-4.383004843167791
3721,9.245082060854976
3722,-6.129299321932435
3723,1.468969552475011
3724,2.6082497815729226
3725,-4.4536182613754836
3726,4.732285223004386
3727,-4.966949297633018
3728,-4.57972189013865
3729,3.108892599915151
3730,-0.22197309371361662
3731,1.7682515088567268
3732,10.733766051549596
3733,6.032187918545571
3734,-2.0246545620863667
3735,-0.9404831625755308
3736,1.1520521452580557
3737,1.2783721603514788
3738,-0.6006734545918411
3739,0.2861890036832069
3740,4.116261363471445
3741,-11.273739435374926
3742,0.30595314370342575
3743,1.3630970986402557
3744,-6.249418103897305
3745,-4.395544340674899
3746,12.420873463513589
3747,0.7009510037180231
3748,5.293892277019637
3749,3.8843902299032997
3750,8.007923831705012
3751,4.609368273220156
3752,-5.933824604758376
3753,-2.185116023375469
3754,-3.1319172679550924
3755,3.193675686816011
3756,15.462003923710125
3757,6.017156455123643
3758,-3.624651823342248
3759,-0.17392718525748307
3760,2.9810097420673882
3761,1.829411548974896
3762,-12.773455748636838
3763,-2.385480346265842
3764,4.026948997452566
3765,-0.8653898500284036
3766,10.6932640133797
3767,-2.836411117420366
3768,4.23132902687224
3769,-11.241337881356717
3770,-7.423767453993415
3771,2.8162010820990337
3772,-1.2616320422178298
3773,6.481942565662379
3774,1.6979450129294493
3775,5.322994705637083
3776,40.691342833459395
3777,-3.526140233090378
3778,4.218321938100901
3779,-1.65218049393757
3780,2.9209685133591567
3781,5.091176012639998
3782,2.857534988655025
3783,-0.6688430499282259
3784,9.522762600286473
3785,-2.7381065512842553
3786,5.878697351808967
3787,11.046499345912565
3788,-4.475982467151391
3789,0.2910778090630477
3790,6.100408833654329
3791,-0.1917577484073032
3792,-3.0659726904646676
3793,-0.4050459644356872
3794,-3.8054723262225556
3795,-1.113141444931994
3796,-4.214984194182977
3797,5.794938148421656
3798,-1.8390659840537498
3799,-5.038495709389372
3800,1.538699835274949
3801,2.6552691038699865
3802,-2.8109256182115736
3803,0.026208795682920893
3804,2.542407630641725
3805,-2.98278981040422
3806,2.6318097583769835
3807,4.753834249130769
3808,5.739578492218936
3809,7.098512175850938
3810,32.923965319876764
3811,1.4148240309898723
3812,-2.0686814295751086
3813,-0.015404413605960343
3814,5.133587251943027
3815,0.5385497733132216
3816,18.165227909640702
3817,-0.04023367302535874
3818,1.306697684304071
3819,1.0535569109783518
3820,-3.1018273033507118
3821,-0.3372551260637078
3822,2.4316271131600713
3823,13.459517015060394
3824,1.8552073365007402
3825,6.932044756735316
3826,-0.727638363835375
3827,54.358028916067795
3828,1.9739274809393654
3829,1.8081994779062853
3830,-1.4285629080473372
3831,49.27422510333646
3832,0.5619765655264279
3833,13.830484604725982
3834,-0.042699648856582506
3835,0.9099266184234951
3836,6.631251206967505
3837,5.534359633540685
3838,-6.089144915783774
3839,-2.1397075962431282
3840,-3.3823293571758173
3841,5.593460624464074
3842,-0.17357394036311824
3843,-2.87709700081635
3844,5.408383825864174
3845,-2.327006166397186
3846,7.820729301241956
3847,0.28202908582456665
3848,9.398126193347835
3849,2.775860199958039
3850,-6.011733102831057
3851,3.2003528361365103
3852,0.8301790095499113
3853,-1.0067892797091096
3854,-0.08967552208866802
3855,-2.7359425650575098
3856,-0.6138685886143342
3857,13.461277265856022
3858,0.8437048773860836
3859,11.157633103329623
3860,2.0606026347810347
3861,6.9777344930628304
3862,0.5934992129736925
