,Mean Rewards
0,-216.68044432759226
1,-215.62011716004105
2,-216.56961968552582
3,-212.25825051364257
4,-210.1369752008895
5,-211.46474145390056
6,-209.87435031129527
7,-207.5228054605726
8,-205.88179032341884
9,-204.49345119397677
10,-201.54755704907942
11,-200.36103786659012
12,-201.55687410205243
13,-198.76969257230593
14,-198.27297374240803
15,-195.80142505828786
16,-194.7272052422018
17,-193.43671652220814
18,-195.00581746429188
19,-194.42546533958236
20,-192.07868094846177
21,-187.18007755078781
22,-184.7708514049993
23,-184.63995771236947
24,-183.7874570928083
25,-182.47881973015257
26,-179.6828405824322
27,-179.39566781498306
28,-180.24977098767357
29,-179.5804113271878
30,-177.24964142027528
31,-176.0159313092297
32,-176.3453117979747
33,-174.48021408219077
34,-169.1964020803339
35,-164.39861488095255
36,-159.94478707027582
37,-161.098135329683
38,-161.43302869465316
39,-161.00918584736448
40,-161.77028373556752
41,-161.9773032752221
42,-162.7318709879738
43,-163.7380087493145
44,-163.49898840623325
45,-164.19578699116846
46,-161.45099261033286
47,-159.32863706418365
48,-155.70199089158302
49,-154.6518345503528
50,-150.58383397149396
51,-150.81490827093748
52,-151.23093502348874
53,-152.47623970689904
54,-152.09223254595497
55,-151.57267070696997
56,-152.8214619165333
57,-153.16143263944926
58,-154.59787765441084
59,-153.58693387547007
60,-149.81419994843202
61,-148.21005871136092
62,-147.6977995459874
63,-146.29856065533926
64,-145.0982462123364
65,-141.83302463311833
66,-139.3177341960973
67,-140.27991677675763
68,-137.87127849703427
69,-136.18663375992134
70,-134.18303206878588
71,-132.87223652297814
72,-134.84415557107138
73,-133.0979832097566
74,-130.64620112284845
75,-127.41428452519567
76,-122.85255507399974
77,-122.9035062427743
78,-122.86525253083393
79,-121.1579198712133
80,-119.76455033183923
81,-119.49794008820301
82,-118.56767015376569
83,-118.82817279064523
84,-117.00855172332506
85,-112.0495647309727
86,-108.48767026500717
87,-105.51009154619798
88,-102.36122917158315
89,-100.13609081789707
90,-98.03775068237954
91,-96.01065827626958
92,-88.79190614063255
93,-87.29068207812692
94,-86.00613934691724
95,-84.64910394357474
96,-82.90792454285967
97,-80.98262365701116
98,-80.23030552375873
99,-77.41271385037366
100,-76.70163727226641
101,-76.00855089564416
102,-74.703251411893
103,-72.84485964984043
104,-73.7386974720489
105,-70.50890022312974
106,-69.21007201369017
107,-69.52094968488943
108,-68.71325500511675
109,-66.98313968247882
110,-65.93481601583476
111,-63.42791581527057
112,-61.21964512457509
113,-58.74939982604505
114,-57.978469969602095
115,-58.94765775552083
116,-57.697951560951736
117,-56.20822422366473
118,-54.02866104681757
119,-52.54346211710787
120,-52.20392321377883
121,-50.900136488611885
122,-49.531195610120704
123,-47.62635163819455
124,-46.43742037248466
125,-45.16438739462359
126,-43.04173461998663
127,-42.559707739193136
128,-39.687450438460694
129,-37.06502487914882
130,-35.88861913080366
131,-34.174264101174366
132,-31.8286800933092
133,-32.83522263741621
134,-30.932770653883896
135,-30.762300769311373
136,-28.563399084738492
137,-25.75325151710799
138,-23.78575955334081
139,-21.395128804890554
140,-19.554351834282883
141,-16.701524941331616
142,-14.723846293491187
143,-12.02468538890489
144,-9.83002665716471
145,-7.974191080974106
146,-5.661863724168949
147,-3.5437382256803387
148,-1.6570103288624782
149,-1.6855788939708765
150,-1.8038153098618892
151,-2.3951382866310293
152,-2.3878039078686317
153,-0.2949853423612015
154,1.9054781832389238
155,4.683246965241612
156,6.648914786677479
157,6.637499278757875
158,9.028941902454582
159,12.158358599311903
160,12.655082124792486
161,14.298963352827496
162,15.601389101768353
163,16.31467506015321
164,16.901770255657787
165,18.934072551530775
166,19.704971603907126
167,21.84774346076722
168,23.940147658331295
169,22.054298070845533
170,20.931013177657015
171,22.704895003697928
172,24.462231817627867
173,26.954517591575804
174,30.04410588954568
175,31.890756149601348
176,32.727176492908036
177,36.03790498315395
178,37.79619793349104
179,39.39291758035619
180,40.52932023265502
181,43.203146971992936
182,42.305543586844266
183,45.437248819754096
184,45.36444430618598
185,44.664426592879174
186,42.94837706613056
187,43.58945272314686
188,43.999365218955134
189,41.69937231318102
190,41.15417024544002
191,41.319074722467434
192,40.8869512683856
193,40.71116689728096
194,40.58735346443222
195,39.976587560020775
196,40.43755411650483
197,39.02521434230725
198,39.06098312567261
199,38.24995448417138
200,37.12529172769752
201,37.38343671227485
202,36.765229263973424
203,36.13235956210733
204,35.765454243976635
205,34.64819651646347
206,34.508368270516684
207,36.61490842567753
208,36.17268957978517
209,34.52496306362715
210,32.59782586010132
211,31.048298035890195
212,32.48290597213196
213,32.62831362342087
214,32.0935246130383
215,31.41347787072282
216,29.752991849575555
217,29.120042250486485
218,28.767614694764212
219,28.283371488555495
220,28.56783211354728
221,27.645468466069378
222,25.56662477261123
223,25.92997950234111
224,26.231225830166068
225,24.6036516850481
226,22.59620259421238
227,22.43824767601062
228,22.301412427677555
229,19.350885454146706
230,20.400448588873818
231,21.566669817777864
232,19.89209559076786
233,19.352445400075588
234,19.46452222521377
235,20.31396682528674
236,20.670218213492294
237,20.64178451875745
238,20.94998723480835
239,21.236838030329512
240,22.410590636831184
241,22.721872795099834
242,23.154660889458352
243,23.805676796439702
244,21.353743999834702
245,20.195228658582067
246,19.383560799660803
247,19.855441138624307
248,19.94338223686337
249,19.166178644679295
250,18.809868928163443
251,17.44829595924857
252,16.46719921314181
253,14.848215268950227
254,13.701120604407828
255,16.035693184809087
256,16.59184898664305
257,19.25804206979624
258,19.366466021826774
259,19.155673623901606
260,20.928345542054416
261,18.99602753412
262,16.75481282436354
263,16.23646726591861
264,18.6009043115635
265,19.048645238612668
266,21.347983832383008
267,23.41970609700278
268,24.392174398104093
269,25.944259014008367
270,27.053774378613443
271,25.930378040383474
272,26.951967244794183
273,28.664113238990197
274,27.151180727361357
275,26.63010833887975
276,26.25906193116371
277,26.028778371377214
278,25.99953404375276
279,25.835662751849938
280,26.44323055379786
281,27.10633029893928
282,28.384727927052825
283,27.71990312113134
284,28.044644285442633
285,29.259903300928883
286,31.82727200547647
287,32.40651067015096
288,32.22448079819398
289,34.08590235213282
290,35.44673082903634
291,34.97543306473518
292,36.0305835970827
293,34.85002103504707
294,36.08104269100144
295,38.49018120897908
296,36.471715979041875
297,37.24248757927417
298,38.35103126909624
299,40.11297840633492
300,41.91257875501814
301,40.098124381097065
302,41.785037043473636
303,40.64747978019407
304,42.45179460501296
305,41.812424366367274
306,40.6895079071898
307,41.10947631221225
308,39.26690064195916
309,41.72991192895463
310,41.35273415652021
311,40.67705295257582
312,39.10837562650327
313,38.928378498544106
314,40.91079696098084
315,43.56672329100663
316,43.19368587049778
317,43.926166008255706
318,44.948235398186696
319,46.299788710785805
320,45.59948430703325
321,46.033337416559746
322,48.33836233098885
323,48.343146463301466
324,48.283197796690494
325,50.037042238704544
326,52.08132525622289
327,51.55458070700686
328,51.484052966361396
329,53.83480702553567
330,54.72279261546086
331,53.17174962138532
332,54.138103615768586
333,55.31766124035064
334,54.536204770860714
335,54.727626009999454
336,52.77832918624903
337,52.4326502137066
338,50.56876931997156
339,49.89761197085065
340,47.96434586124919
341,47.536107234695194
342,47.614520513945656
343,46.56964036269765
344,49.172025943741176
345,51.68439686657627
346,54.32992547039683
347,55.43194702495384
348,53.34486897977951
349,54.6603208053406
350,54.95236371039184
351,57.771969352134526
352,60.55337698362748
353,61.99900015618801
354,61.8144256708342
355,60.536872448101285
356,58.91629590057148
357,56.94809080004389
358,55.467039292484294
359,53.56845606473523
360,54.23878635463387
361,57.18529584015527
362,58.46534482581063
363,59.669169130314934
364,59.249684729514684
365,56.98181301508093
366,54.31674097425578
367,51.52646181378412
368,49.17929659940816
369,49.912912772927115
370,48.64880962197617
371,50.21514769990605
372,50.14043910328031
373,48.883828105124934
374,47.162568574448166
375,48.80838861895804
376,47.266333457747386
377,45.56719268375
378,46.082226428204564
379,47.65626713824184
380,45.50172795851003
381,43.56728763912858
382,45.09578373758502
383,45.41321186132196
384,43.60998585564152
385,43.42490554213064
386,42.39826318807204
387,42.49455045591146
388,40.757334416434375
389,40.71957551676571
390,41.269481609106926
391,41.13043139513101
392,40.99245763685619
393,40.960223565629214
394,40.45821724606072
395,40.5519818610418
396,42.44538007856887
397,42.369442042027615
398,40.55858735701705
399,39.99996645284395
400,39.30383040942625
401,39.70188650213933
402,36.79786037481572
403,39.34051753702337
404,40.26261024920271
405,42.48581949368476
406,43.840285863573534
407,41.711297435804454
408,43.012603045914574
409,42.41255452390235
410,45.2178164738719
411,47.1194295970266
412,46.8645164272488
413,46.6472331856794
414,44.771585966621515
415,44.08775706264251
416,44.6196067311163
417,43.10190949126653
418,42.66883564132399
419,41.56112893526062
420,42.040847329885445
421,40.810681860224264
422,40.75081564993937
423,38.50193964731748
424,36.69221639858538
425,36.38379495426313
426,36.04349669980622
427,36.74402460324457
428,34.930578848106705
429,33.28654175332028
430,30.43421427632769
431,29.7016029251091
432,31.045900095694392
433,31.493970760719925
434,32.61990485631306
435,32.967873966289275
436,32.44790475129125
437,32.64723421654199
438,34.42563634053328
439,33.70279699736072
440,34.07320885111433
441,35.5842710497052
442,33.270166020099644
443,32.27099375067775
444,31.982883693899517
445,30.20164493535403
446,29.316776736605867
447,26.35183328579042
448,28.869356049027417
449,26.550545531828824
450,26.566926277102542
451,27.28056321283027
452,27.80235786505185
453,28.831065151349335
454,28.999859566380202
455,27.557633475596727
456,26.65319879674691
457,25.53563930497389
458,26.99157862244145
459,27.225653513867563
460,25.82842751447587
461,25.67183254504058
462,26.660512897976282
463,26.541898198481444
464,26.108909368703927
465,27.68250594871823
466,29.064743936469878
467,30.641742257367397
468,32.773847238615424
469,29.661401002696213
470,29.35072481403955
471,29.35453129201526
472,29.482999626047008
473,29.49577619559123
474,29.721090985223835
475,28.576323665863224
476,29.408891932556703
477,32.52120221558338
478,32.18878973279006
479,29.67234306243764
480,30.922868517356097
481,31.124890623522415
482,29.40515675696414
483,28.49711310518022
484,29.973111773481325
485,27.93493361051553
486,27.15428660277685
487,26.55592057539137
488,28.59805154138589
489,28.708592989249386
490,28.281199318025465
491,29.557481664935978
492,29.896843887631743
493,31.13513524500192
494,29.484660201168705
495,29.09135747722044
496,27.77273445695109
497,28.46063458322581
498,30.931445372936818
499,28.697051934670807
500,26.55797759435362
501,28.367971999951056
502,30.04793291400931
503,28.090704617787964
504,27.075188795124742
505,25.17164932369993
506,24.897832554022067
507,25.675344692988684
508,27.776831314603747
509,28.49017000016631
510,27.852128377877833
511,29.201488479139854
512,30.349862152293014
513,30.34427647896669
514,32.03913495435656
515,33.11913157191115
516,34.51279506179316
517,36.18921072263523
518,36.24434177992611
519,36.13002558039385
520,35.309995568948885
521,35.24971355431898
522,35.33504129865518
523,36.24607132379587
524,36.79174828110216
525,37.287919527721144
526,38.06901435122543
527,39.8569075228822
528,42.59723240027422
529,45.179177598052526
530,48.25906645969797
531,51.37133513481187
532,49.41144351741579
533,48.44176892381825
534,47.8179942750044
535,48.96900680353069
536,50.472221310572614
537,51.731505021630625
538,51.99940656272129
539,54.070566233277496
540,55.672954768601684
541,54.26988466765179
542,55.25449669460119
543,56.46211911675013
544,56.30436995574587
545,58.65807843042307
546,58.00695038938964
547,60.09240949301222
548,58.988056765907
549,60.98606893677859
550,61.457617656442224
551,61.82454579566745
552,62.266450325300546
553,61.632523765058316
554,63.19155085456351
555,64.74740647068846
556,65.78150590013837
557,67.2976282916639
558,65.89224555408127
559,68.91674180314907
560,69.54725753405202
561,68.88427607848635
562,69.09844840801443
563,69.5403705135138
564,69.34669821327117
565,69.55774256952863
566,69.01070483559043
567,69.53040503909693
568,67.77858413644131
569,70.1679440391934
570,71.06161788312275
571,69.29497507269545
572,69.49275672996681
573,70.79072522987991
574,73.96131316974702
575,74.2753973713715
576,75.87077261735605
577,75.95305318987154
578,76.38242751810375
579,78.64446154236971
580,80.5734535600524
581,81.39466925106063
582,80.477275507669
583,82.60694813986869
584,82.92819716064477
585,84.8297708100708
586,86.53348110941286
587,85.178166377443
588,83.08623867542545
589,83.48488265588557
590,81.22433859777777
591,81.52465274844434
592,80.58008283433497
593,79.59710165600904
594,82.47071041307923
595,82.35928551293782
596,84.35856350332928
597,85.57839783071522
598,84.42627060650744
599,86.102126042453
600,89.17250495105729
601,89.87050773074935
602,88.30833566662095
603,87.88929341280091
604,86.59612871668816
605,89.30150789110498
606,87.99898575846787
607,89.44295836567464
608,87.97978081758943
609,85.3509093870037
610,85.61520668309248
611,83.07593163954982
612,84.08639682794745
613,84.34161855017216
614,83.57257358983861
615,82.12756304266219
616,80.73718330957037
617,79.44287075435156
618,78.56284225986973
619,79.82267891643181
620,82.44152411318505
621,83.93086424450766
622,83.97851712961936
623,84.93381093661979
624,86.0530752593856
625,84.99985251133259
626,84.63439218946897
627,85.73314085965708
628,84.71498456410711
629,84.78991562449195
630,84.92249344772999
631,84.9596957173698
632,85.98994868996832
633,84.86295927263653
634,86.33108810899992
635,85.12917680053704
636,85.665397045383
637,84.60795619260396
638,84.37100358668336
639,84.52518697059102
640,83.9304432613161
641,85.02505558905165
642,83.93423423180556
643,84.15693851247963
644,84.6032097541314
645,83.77229523934857
646,85.00640057068807
647,84.60020189839126
648,85.59547947426648
649,85.88970818596279
650,87.1773810719348
651,86.3102242950017
652,85.33814825494147
653,85.01088520522717
654,84.91721976899719
655,84.873496461911
656,86.21026169540488
657,86.28134792890073
658,88.22043928090507
659,86.91975800799344
660,86.43357543126578
661,86.57021950777359
662,86.59116172539615
663,86.76087257303169
664,87.93156618779916
665,88.08760058832671
666,89.41238360691543
667,89.30567445897267
668,90.82743661433572
669,90.71650167509038
670,91.99383253808432
671,93.65205753731716
672,93.91721212731755
673,92.97993059094884
674,92.24836071285766
675,92.45283134316743
676,92.39123239942106
677,92.37558926175751
678,90.8496344634346
679,90.46819901031384
680,89.87639843321838
681,90.0210867056972
682,91.47698076418219
683,91.86758283425321
684,92.04099948133279
685,90.8144812095015
686,89.94038333560795
687,91.79888768222303
688,93.30275633541304
689,93.39384406938312
690,94.73401943076249
691,94.9700578422575
692,96.25951474807198
693,97.69462753704347
694,97.41214068005611
695,97.27397485140959
696,96.3035685939219
697,96.72551985003781
698,96.7679712442276
699,97.21330172694351
700,96.29405047696808
701,95.69821055350126
702,97.48113459847649
703,98.90545954612618
704,100.27198015302156
705,99.97248371460823
706,100.26568001246191
707,99.12866974646728
708,100.0246776645799
709,100.66884328129328
710,100.81810345039595
711,102.5357218812234
712,102.15935115422397
713,102.35847617577355
714,103.79882921611016
715,104.73618111418988
716,106.49701540605741
717,107.55448322427165
718,108.75883548765432
719,108.0658715879444
720,107.5634948924826
721,108.05654778117268
722,108.37797200650225
723,108.85808492299326
724,109.28202936735066
725,109.82834804844327
726,109.77784530926246
727,109.21478631349531
728,109.66958339136299
729,109.10600954799892
730,108.27411630715596
731,107.99490478206371
732,110.04023258920552
733,112.24428081928544
734,111.70675045691485
735,112.5909554531103
736,114.41176724295401
737,113.11419768858273
738,114.4503818137239
739,115.07651587038787
740,117.01242982258174
741,117.50085892934
742,118.90006986964706
743,120.31250499896707
744,119.55216909070435
745,120.06454334622725
746,121.57209549370339
747,123.14199240641774
748,123.98955987846252
749,124.20022843171665
750,125.86913167727512
751,124.4339830482668
752,125.82125884387291
753,127.69974623119847
754,128.23968277554334
755,129.60211577442445
756,129.46554732454237
757,129.9455033066548
758,130.80932841527863
759,132.63089540599557
760,134.3968119893117
761,135.78091242405893
762,137.36375958823643
763,138.9303618984926
764,138.6642822227897
765,139.76697504222042
766,139.2226703561617
767,139.7339440983755
768,140.78267578803133
769,142.39425748228234
770,143.2952794326199
771,144.6832516476994
772,145.5002311571291
773,143.7928566501777
774,144.204337269271
775,145.01903114599142
776,146.27746097408735
777,146.92360584864682
778,149.47321412145854
779,147.86785217877156
780,148.01035357904428
781,146.31174478403113
782,147.5406359012688
783,147.56830693989042
784,148.62903959909056
785,151.090364989062
786,152.7921907984893
787,154.28289368820435
788,155.79962472881542
789,155.45601075024155
790,155.77942041414116
791,155.74300180729662
792,155.41205888444776
793,156.17174367460305
794,156.42829874019185
795,157.91303920506346
796,159.01598318622842
797,158.92155973651975
798,159.10970562743506
799,160.75863384503083
800,162.7722442111568
801,160.9890714689823
802,162.20420459406782
803,163.73402803232048
804,164.99422486616254
805,164.54880403100063
806,167.59034190820992
807,169.4290640195733
808,170.40137159437472
809,170.80517751463725
810,171.71580843641013
811,172.38029501866293
812,172.6377021761563
813,173.8972695615504
814,174.30625282385202
815,175.33867334270278
816,176.4352589852046
817,177.17687517054026
818,176.02594787831111
819,177.067511714665
820,177.87351223074415
821,176.1280340665374
822,177.28528694715263
823,178.04427942397007
824,178.90889349447968
825,180.47097826431093
826,181.72350075348055
827,182.3758567360205
828,180.7287763321132
829,181.86420811154224
830,183.21631751116252
831,181.3042940053721
832,180.97083999442302
833,181.32370051700525
834,181.96575108637884
835,182.2788328839476
836,182.1623870558793
837,184.97526774994375
838,185.25890381060802
839,184.73666356913466
840,184.6696527265457
841,184.05308694267882
842,183.50840709297714
843,183.64345727937192
844,185.77810246851612
845,184.47840473866952
846,184.39191725395838
847,184.86330629417964
848,185.3156879148951
849,185.4731044022487
850,185.06258246136815
851,187.25554383516035
852,186.77552013478487
853,186.72970889235404
854,187.3002871900393
855,187.40699837541683
856,188.79526008382683
857,189.96641914149413
858,189.8606270947798
859,189.83399778486088
860,189.7935901245442
861,189.82108871039628
862,189.78855819674504
863,189.2508311035694
864,190.33548596782774
865,190.6297052780813
866,189.7349376872673
867,189.9688185117559
868,190.0263744256529
869,189.84072327338492
870,190.0554360692425
871,189.8613513157963
872,189.70283297389648
873,192.3888364266125
874,190.71238035566228
875,191.20842196026726
876,191.2853863071366
877,191.02416568208406
878,191.28619344012023
879,193.7325334760124
880,192.51428382821732
881,195.43154386636655
882,195.49346008172753
883,195.55074040434582
884,195.83399131813982
885,195.7498689663102
886,192.8213969248639
887,192.78615671948518
888,192.46461024544044
889,191.393788473278
890,192.3743799497636
891,193.66814005740474
892,191.8365210862303
893,192.3202494484636
894,192.1445528605496
895,192.12001382079404
896,189.42295720758116
897,188.61696667193755
898,190.0318414382646
899,189.86087863994854
900,189.3199969977763
901,190.88577382805977
902,191.30778616753616
903,190.9058372958648
904,190.79196097136227
905,189.4534917031577
906,189.1814788922914
907,188.80224809730396
908,188.6754329486439
909,190.78088587206963
910,190.99765338456342
911,188.78370831170298
912,188.664764738882
913,188.75452976385813
914,186.35821702764173
915,186.06206220790875
916,186.09800868789063
917,186.3068071808891
918,188.8989465670182
919,188.82066379645718
920,186.03859893334146
921,188.2258093197319
922,187.76384743360512
923,188.07586177992522
924,188.31500059121433
925,188.5921673719673
926,188.49642967443071
927,188.68241409285054
928,191.51192983319666
929,191.98940753452086
930,192.37011107143425
931,195.04036648242771
932,195.41716181898758
933,195.75313641242496
934,195.73329719505142
935,193.28261439386486
936,193.4096068291735
937,193.47825969641264
938,190.5313245172199
939,190.90620543167657
940,190.8308656544084
941,191.21102760402238
942,191.10218704983288
943,190.93588450763633
944,188.39073838958902
945,190.90273539105405
946,190.411879918879
947,187.3775729324715
948,184.484823588651
949,184.3623135405973
950,184.79090123153466
951,185.77072323178302
952,183.809085096988
953,181.8245725760975
954,181.9345080325967
955,181.83175768954425
956,181.91973442602068
957,181.84541897504133
958,182.18591431832385
959,181.84144552732658
960,181.60930986210536
961,181.06912259072448
962,177.88004937433578
963,178.11736512252367
964,178.0970282495699
965,178.02135620497748
966,180.85317077276991
967,180.61176020251986
968,181.01363325653045
969,180.96594228377194
970,181.06792579447045
971,181.091925157416
972,179.17057663355456
973,179.04064788799147
974,178.2033173074127
975,175.57371065489858
976,173.35002699231006
977,173.67465025029352
978,173.20094372696127
979,171.086246447396
980,170.4545948795814
981,170.97297003145815
982,171.16216162133708
983,168.93526633938833
984,166.64446408974084
985,164.36322166847268
986,164.96825137274564
987,165.26603908675762
988,165.4106093170777
989,168.45457900096469
990,166.41948019704375
991,163.79446586538464
992,166.15665845777957
993,166.41798423659418
994,166.5114167337801
995,163.1848083631715
996,163.5294593767404
997,164.66407043249757
998,161.43259525491172
999,160.73620405529513
1000,156.93696393987054
1001,155.70527450147162
1002,155.28267992715757
1003,152.7979959607971
1004,152.49241114927955
1005,154.43280626266574
1006,154.63541549943346
1007,154.68848716628406
1008,152.16621975857245
1009,152.40527919010202
1010,149.5111433435318
1011,152.4917420409817
1012,153.53608451739737
1013,151.06755069614894
1014,150.287355855157
1015,150.48929879803006
1016,148.08039820033412
1017,145.27067030183636
1018,143.02819956529694
1019,143.3625549429242
1020,146.147314590506
1021,146.73576202416214
1022,147.33228714447807
1023,147.32784015047858
1024,147.48069115819945
1025,144.97212936570477
1026,142.78845002806997
1027,142.84257083911126
1028,143.13857178085595
1029,143.12671471391377
1030,142.48452313627496
1031,139.44782406127678
1032,135.37860513836713
1033,134.69184842927598
1034,134.43712030806702
1035,136.67649990028838
1036,136.45508131592692
1037,136.59973249605633
1038,139.15164759798924
1039,136.070009022798
1040,135.9323683889448
1041,136.04539576056246
1042,138.73225273219205
1043,139.04360579071587
1044,139.68252527227622
1045,136.64091376952908
1046,134.73087066579853
1047,135.46637660955474
1048,135.63742742129043
1049,133.70811986980496
1050,133.81196467628138
1051,133.6756459881447
1052,136.3672862192687
1053,137.9535296518511
1054,135.2455959168373
1055,135.372398555464
1056,135.52765833201678
1057,133.4146777398473
1058,129.532420145435
1059,129.91024558146353
1060,130.2062734317888
1061,130.71678159462581
1062,131.26765276943624
1063,131.59108543461238
1064,131.28851146587607
1065,131.2602633322513
1066,131.27572987052213
1067,132.10223733513556
1068,131.77683566964603
1069,128.6034789633209
1070,125.11492157537343
1071,125.12756170619927
1072,124.97368574364127
1073,121.24643201637075
1074,124.45925331668515
1075,126.90925202347371
1076,128.86834526846604
1077,128.90904635080042
1078,129.42381469509982
1079,131.95583187957828
1080,132.29049412785469
1081,131.8180082124814
1082,131.81870051082285
1083,134.51330887831003
1084,134.5048719135999
1085,135.0033411849678
1086,137.52260589929034
1087,137.62704168732046
1088,135.65898446876182
1089,133.42108071748046
1090,133.26658129264922
1091,136.18710644073013
1092,136.61145486248085
1093,134.65379094548018
1094,132.76221162911068
1095,133.3914875959649
1096,134.25314176495195
1097,134.46966420709163
1098,137.83957485160062
1099,138.7737699407966
1100,143.02056701664182
1101,146.06159560083134
1102,143.11926491302148
1103,146.08998455774213
1104,146.6813523503751
1105,145.6112566355493
1106,142.9938225226963
1107,143.68052233676997
1108,146.6249727328661
1109,146.82164638378052
1110,146.40280131060487
1111,146.48882131918882
1112,146.05828929701374
1113,148.70225102854872
1114,152.50766665819236
1115,152.6708671065431
1116,152.86502510591836
1117,156.048275003853
1118,155.40904872722282
1119,152.89330162667605
1120,150.93955951296002
1121,148.58408750965268
1122,148.35310863920049
1123,148.86225050267186
1124,146.3509222035923
1125,149.09597200539628
1126,151.26425296289813
1127,148.97678140277705
1128,148.7783122255912
1129,147.88777608358023
1130,147.72142969513033
1131,150.74194205255344
1132,154.61304508252408
1133,152.79163572289045
1134,150.5703483753045
1135,151.22596988730504
1136,147.43482294506285
1137,147.3724321910404
1138,143.14143590420355
1139,146.04337948858318
1140,143.73716917762567
1141,144.2238078897562
1142,142.2180045322687
1143,139.35255678508497
1144,138.97800846686138
1145,141.41905658819877
1146,139.4839704134241
1147,139.32726265716977
1148,142.20758257799275
1149,144.92566422504424
1150,136.35289163548856
1151,133.72913197945783
1152,131.1480002883016
1153,129.25430235191314
1154,129.8939670351453
1155,125.29627401350885
1156,123.03339529868325
1157,123.021401309127
1158,126.90887813536217
1159,126.543513506874
1160,124.35569456574473
1161,122.23631878448214
1162,122.79921736807235
1163,120.3533957094533
1164,120.08626211572783
1165,117.91909101549163
1166,115.58155294239755
1167,113.28178340559869
1168,111.04139035728724
1169,114.81117517195852
1170,116.34394901248407
1171,113.4835580080937
1172,112.79378761589025
1173,114.26229161472767
1174,114.4494377272001
1175,111.76656625051018
1176,108.95437094533865
1177,106.56179991770601
1178,104.0110844342258
1179,103.4604996276654
1180,102.47298342384886
1181,101.71916572798511
1182,98.84414664848804
1183,95.46755072653957
1184,97.17498457046608
1185,96.55244330402348
1186,95.89575161032047
1187,92.78262562514523
1188,92.23635982199879
1189,91.72952331037739
1190,93.64384167286664
1191,91.0380859587571
1192,88.65452371334094
1193,90.0199242968161
1194,89.57079011224998
1195,91.78011899758614
1196,93.40139476080044
1197,91.27763837641376
1198,88.25408120595384
1199,85.25721979308366
1200,82.58376766942685
1201,79.34251001509647
1202,80.07161853968863
1203,79.7321116980103
1204,76.54470089741339
1205,76.16332434854365
1206,76.28763243936388
1207,72.77297961468932
1208,72.81239698890235
1209,70.13379409165788
1210,71.39874080472008
1211,68.40980628409055
1212,69.2063852870563
1213,66.62189308254986
1214,63.59667290592266
1215,60.74687361967089
1216,62.820185715193276
1217,60.3147573060424
1218,60.51805466357944
1219,60.528834340759616
1220,60.36617603362186
1221,59.73024632269491
1222,57.40961397705275
1223,55.00460092985853
1224,55.00783779235016
1225,52.23753260931045
1226,49.82213388621611
1227,50.678428329961015
1228,48.43258881090551
1229,47.21762922083856
1230,45.53604742563629
1231,43.9190285222633
1232,42.0583346938584
1233,42.47589021323109
1234,42.361805831663666
1235,40.131958909000396
1236,41.38001619252419
1237,38.437782806346824
1238,40.66222384494781
1239,38.67146928253839
1240,39.0233862292689
1241,37.11807875149264
1242,36.01109272236927
1243,36.757546664776775
1244,36.999298761160816
1245,34.70521966899778
1246,36.2404082233171
1247,37.994171070549854
1248,35.43264697920224
1249,33.16781126050061
1250,39.570366459863415
1251,39.81246371541784
1252,40.27173967923564
1253,40.13053200016294
1254,39.88731922160559
1255,41.59977654319999
1256,41.48574028767412
1257,43.74139943043422
1258,41.10212696004105
1259,38.661636772153685
1260,40.92903504314951
1261,41.144715558008826
1262,41.37300055283465
1263,41.33676165541897
1264,39.67779297741074
1265,39.83332789911912
1266,39.868130832054035
1267,39.71796547133677
1268,39.924704836689244
1269,37.03858929594344
1270,36.001426726764315
1271,36.90964841130935
1272,38.0610855549385
1273,38.616771837300064
1274,38.54917768606146
1275,39.10130463185086
1276,39.62363379301721
1277,38.749132575931164
1278,38.92674543652121
1279,32.58738249644297
1280,35.004864847224006
1281,32.83706740991482
1282,33.01508004956166
1283,34.04812985584941
1284,34.08304844162872
1285,33.98309406313189
1286,31.99967352876709
1287,31.830108272134268
1288,32.34952008859298
1289,28.187462958434658
1290,26.390802427898407
1291,21.174402615943958
1292,12.574692333077133
1293,10.541471242442963
1294,3.52235652013568
1295,-6.942457168405213
1296,-6.718549579811572
1297,-6.946237083030369
1298,-18.225425607160382
1299,-17.826327061312927
1300,-18.038494369862782
1301,-14.587356788565572
1302,-14.424142106834156
1303,-16.323693276376474
1304,-15.301092753080322
1305,-15.446947089485107
1306,-27.316960268626755
1307,-34.38450806260647
1308,-40.89917575312186
1309,-49.18259640956786
1310,-54.34024418629666
1311,-61.35947696931203
1312,-67.06131893340874
1313,-73.28696786153006
1314,-80.26075206634873
1315,-79.6360974555552
1316,-83.98945214401006
1317,-84.07553964916379
1318,-83.86779140274601
1319,-83.55305730330656
1320,-83.344928372804
1321,-82.48009203793396
1322,-82.00829663107979
1323,-86.99512565766464
1324,-86.91603463863639
1325,-87.19041668574299
1326,-86.86445817445521
1327,-87.34238408245001
1328,-87.29551717932276
1329,-87.82940109760101
1330,-88.27143425624223
1331,-88.82407167527992
1332,-89.62334377527874
1333,-90.14967457371631
1334,-90.04330563514377
1335,-91.08424789179332
1336,-90.96477058850182
1337,-90.58238855357723
1338,-89.43918304087666
1339,-89.63587928661883
1340,-88.83091015417658
1341,-88.85012393966107
1342,-89.93959711324463
1343,-89.4721005087854
1344,-88.67078798868624
1345,-88.59305399917342
1346,-87.03459967824216
1347,-87.96009481329435
1348,-87.03089530005633
1349,-86.6862629247097
1350,-89.76665990273204
1351,-90.64921716479654
1352,-90.35285666960779
1353,-89.27788585052059
1354,-88.5123541035569
1355,-88.09016495475396
1356,-87.16763191122794
1357,-88.93931503604048
1358,-88.04733048050885
1359,-85.80229344091258
1360,-87.07585704499354
1361,-86.2328440790513
1362,-85.3589711866724
1363,-85.97946307503071
1364,-86.8510664106115
1365,-86.65431122237435
1366,-87.55957703878065
1367,-86.31566594961085
1368,-87.05313015429044
1369,-87.87590129901317
1370,-87.6880675074105
1371,-88.36591561613443
1372,-87.3614429508914
1373,-86.66075534220218
1374,-88.27084357723027
1375,-87.47732605217554
1376,-87.28384799497954
1377,-87.33983757643021
1378,-87.64138454100633
1379,-82.14343644238542
1380,-82.70979564251637
1381,-82.26490448888738
1382,-82.27065084269424
1383,-84.09114812520426
1384,-85.35621402014085
1385,-84.35566174255592
1386,-84.61703059227449
1387,-83.07039940438402
1388,-82.29211615115415
1389,-76.81928482998521
1390,-76.54269604996794
1391,-70.54848743296921
1392,-61.47974746027905
1393,-63.22539129720539
1394,-55.934317772982325
1395,-46.079161572063995
1396,-48.18288819981814
1397,-48.2351817822531
1398,-35.45232822568384
1399,-35.93324699676698
1400,-35.851566831218506
1401,-37.733748157043486
1402,-37.131602518950125
1403,-37.91456063318594
1404,-37.56413907351712
1405,-36.449267005117996
1406,-24.88921060275111
1407,-16.4516079572126
1408,-11.823482066703377
1409,-3.194972423840846
1410,3.0007341319818726
1411,10.808574702469151
1412,13.08081728888643
1413,19.4088902800439
1414,27.753494911285593
1415,28.286005680552776
1416,31.118243925857044
1417,32.088282428164995
1418,25.144871225980015
1419,25.928343623304745
1420,26.17617104595355
1421,24.89932641458867
1422,25.261246393702013
1423,30.648995317001052
1424,30.362352347288894
1425,31.642158328527103
1426,31.85427089404191
1427,32.671185788962184
1428,33.803877155931644
1429,35.263158905877475
1430,35.96721639099218
1431,34.643405188581944
1432,34.67167172023224
1433,34.35352634417597
1434,35.41058978766814
1435,36.882869470969865
1436,37.281254497519875
1437,37.45067824792139
1438,37.99736616038469
1439,38.79773358079415
1440,39.207765451111094
1441,39.02091106006288
1442,40.70547448909444
1443,40.756087639659036
1444,40.74962319775207
1445,42.274228843050565
1446,42.03465385374407
1447,39.41568229186298
1448,34.683916130702336
1449,34.58965110959045
1450,38.41174624412608
1451,37.44266594260309
1452,36.0840837439349
1453,36.31684575246825
1454,36.807907617134035
1455,37.79826892000372
1456,37.685823484808246
1457,36.32597570096883
1458,36.59312629118334
1459,33.861269389876945
1460,31.683596300371494
1461,31.15473096548908
1462,31.111609104033004
1463,32.6149201391392
1464,33.602037476764224
1465,33.91734026005362
1466,34.231048849766296
1467,34.93802101279699
1468,36.71272813581908
1469,38.96637237676073
1470,40.257138166874
1471,40.59855779398679
1472,39.66820746472134
1473,39.63051906446313
1474,38.63825074016435
1475,38.72386806181409
1476,39.73090554923272
1477,41.61782277132792
1478,40.856527519400494
1479,40.59359411600776
1480,40.70236818379252
1481,40.52813499924157
1482,41.310228601812675
1483,44.74828857802365
1484,41.911753495580484
1485,42.17609499808974
1486,41.51084408996397
1487,41.24765795463558
1488,40.48353731016616
1489,40.12850800584831
1490,39.481563451008206
1491,39.55789547527879
1492,40.106028238234174
1493,42.63769421178287
1494,43.25480038914088
1495,41.65604358350055
1496,41.742828640453226
1497,42.12089581850553
1498,41.37013409716552
1499,42.620500184181566
1500,42.07712768882624
1501,42.03326185243227
1502,42.18622869871066
1503,43.57104631546319
1504,43.61937828293909
1505,41.91880642024487
1506,42.89828509672039
1507,41.752215248708396
1508,41.75853902367566
1509,42.10572565856034
1510,42.59897954658469
1511,41.837999131951676
1512,43.15921819719835
1513,44.52838995267354
1514,44.68565962204464
1515,44.22305949721769
1516,44.29916938037588
1517,44.13412643702003
1518,52.138679624168255
1519,52.31426492484803
1520,53.44495847870183
1521,55.27011381449688
1522,55.041128582302605
1523,55.766445332439126
1524,57.08085637584646
1525,55.72710245337091
1526,56.686686412170914
1527,57.44341491746663
1528,56.78239383542223
1529,56.58324295118129
1530,57.39577574772495
1531,59.34757667338995
1532,60.43289804304583
1533,62.40371225113434
1534,62.490042525311026
1535,60.726597920032134
1536,62.472432371928264
1537,63.22350590472582
1538,62.317573434433335
1539,63.12643149287769
1540,62.311953595783045
1541,62.52780025573219
1542,64.21635979836009
1543,64.33420520480621
1544,64.22452291024318
1545,64.55795155305543
1546,64.02519012261837
1547,66.45469890401098
1548,71.18216708144102
1549,71.30976474485026
1550,70.51558732533287
1551,73.18908654572918
1552,74.58895471156849
1553,75.39856398911157
1554,74.77654410902304
1555,74.64862144054005
1556,74.02262713005274
1557,74.84508498119538
1558,74.27817270459504
1559,76.00094381705001
1560,77.73235815985973
1561,76.19569742611408
1562,75.73924788356227
1563,76.51643061345024
1564,76.85864283928098
1565,76.93568658110684
1566,76.86353276935178
1567,76.2590020487501
1568,75.981222833624
1569,74.23223420863219
1570,74.12851824767013
1571,74.65090395448316
1572,76.01862023100698
1573,75.96328926663942
1574,78.0075234590128
1575,77.64634933560048
1576,78.3337178403906
1577,77.79576483924848
1578,78.24610106694917
1579,79.56030048111239
1580,79.55871235257419
1581,79.69177112552093
1582,80.44587888146953
1583,79.49612843702543
1584,81.99644959521025
1585,82.56254928520273
1586,84.45886874667193
1587,85.58212404889076
1588,86.00011895408794
1589,86.23203656239089
1590,86.13151133173898
1591,86.38229694807224
1592,86.35653264653962
1593,87.1937791299775
1594,87.72990127768747
1595,89.76318407603384
1596,90.5195489173645
1597,91.22180460268933
1598,91.98392916377554
1599,92.89096198001562
1600,95.13182653593252
1601,95.51304257379701
1602,95.9823732646726
1603,94.57433786661589
1604,94.7077487110255
1605,97.1712876425189
1606,98.56847922165348
1607,100.30064077718532
1608,100.74359567895061
1609,102.4330656913249
1610,101.45080989903065
1611,104.16041273002706
1612,105.77779191711072
1613,104.80611025148234
1614,101.85768210165206
1615,101.91471233516735
1616,102.94544956912938
1617,101.48381535357039
1618,100.14740643505942
1619,97.9107872610287
1620,97.77695308168957
1621,98.73886027614493
1622,99.97757814077477
1623,95.47067811447715
1624,95.716124181962
1625,96.32594970351288
1626,97.67268429724541
1627,96.04125170543048
1628,97.62551268531695
1629,94.89561645274253
1630,92.0122352898977
1631,93.01930186890846
1632,88.89132095534316
1633,86.41076361658199
1634,85.27053220894499
1635,85.96068022481833
1636,84.17748618986013
1637,85.00337922604078
1638,85.7999416723762
1639,85.41696861569926
1640,84.15413647081783
1641,85.20975721448542
1642,79.22344602857274
1643,80.2764508012543
1644,78.61047356531779
1645,75.88401429858676
1646,76.88684029129848
1647,77.96315995245583
1648,78.90431037115121
1649,79.45730855607727
1650,81.33702292984614
1651,78.95720725393544
1652,79.17936450093272
1653,78.2629853712185
1654,77.48984919328045
1655,78.34065378516546
1656,79.36300574367141
1657,79.89927860025382
1658,81.27941866602268
1659,78.16801386692768
1660,78.8468434955613
1661,78.70701799288467
1662,77.42898027736864
1663,77.12678642566472
1664,77.45926730269649
1665,77.76706839646657
1666,79.53920596293405
1667,78.63567958296863
1668,75.7726766514647
1669,75.68219345830043
1670,74.49747238417343
1671,74.09609112891171
1672,73.5626434700298
1673,73.84379116847744
1674,73.12620736471398
1675,73.4228364897644
1676,72.71385251102257
1677,72.9393058902785
1678,74.68262215094397
1679,74.88678879396099
1680,75.32193806608606
1681,76.48242480927243
1682,75.98807525800744
1683,76.56596843945259
1684,77.49386222868598
1685,77.28013945510057
1686,76.99956534350619
1687,75.97755349679163
1688,76.69055097778022
1689,76.87842676158718
1690,78.68247402504775
1691,78.61512667461585
1692,77.20714135262659
1693,77.90120497026048
1694,77.38977913842602
1695,76.82595776276267
1696,76.65079199002432
1697,76.20594883983307
1698,76.12368413173533
1699,75.16763353513666
1700,74.52137134488403
1701,74.18902250371617
1702,73.94273542238356
1703,75.32087935639623
1704,75.98633337012161
1705,76.3111028874143
1706,74.16309895611953
1707,73.8710884626123
1708,73.68499886135254
1709,73.29982063593363
1710,73.65272022725466
1711,72.19378583894502
1712,71.73939680672805
1713,72.1446626092176
1714,75.17417300549954
1715,76.202745254246
1716,75.66312506159755
1717,77.36024005392834
1718,78.95667879996051
1719,81.27289799545066
1720,80.4100229292762
1721,79.76185830180718
1722,78.65781666348077
1723,84.01137211013213
1724,83.56250829650936
1725,83.78621018108635
1726,82.30267822681962
1727,83.83122132706565
1728,80.99186953207713
1729,84.43825849879816
1730,85.53824220440251
1731,84.26534309523596
1732,89.38737552770381
1733,91.73722801882876
1734,92.06944231086305
1735,93.38109034321546
1736,94.15000894018686
1737,93.54350445100155
1738,92.97800841354494
1739,93.56081469083057
1740,95.30537749640389
1741,94.77264162579648
1742,99.9651190004427
1743,98.94767674654584
1744,101.84589817405154
1745,103.87218876887077
1746,103.29310198196053
1747,102.37666565044329
1748,102.47515203989923
1749,101.87156975728357
1750,100.73204197855718
1751,104.25775066771229
1752,104.55772632077951
1753,105.52305977651564
1754,106.80675646924855
1755,106.1017850741043
1756,104.46136145900749
1757,104.50306627054026
1758,103.84657853557664
1759,106.95033363582928
1760,106.81204359757623
1761,109.97243222206808
1762,112.4130332839455
1763,112.85390084819632
1764,113.94477685598467
1765,113.50772502524768
1766,113.27621077741911
1767,114.12734888091595
1768,117.528202493583
1769,119.39378963079214
1770,121.43748025633906
1771,120.83266116814059
1772,121.05187449002653
1773,121.46534953382505
1774,121.50885492611081
1775,121.80850985298638
1776,122.59714044966955
1777,123.9104129489648
1778,124.79321645297412
1779,123.79674906367438
1780,123.3810514316543
1781,122.07178468647474
1782,123.3721024548027
1783,122.92410012088419
1784,122.91843751144366
1785,123.89179000325854
1786,123.03388387560828
1787,123.2699694287429
1788,121.8129129248704
1789,123.07610600607033
1790,123.97770118289401
1791,124.05149971753711
1792,125.59975779735909
1793,124.2886297355815
1794,122.94593447046518
1795,122.86069390597558
1796,122.56196145156315
1797,121.71997087315567
1798,122.07650430948628
1799,122.19740933775023
1800,122.19465096196373
1801,120.94128105660084
1802,121.04815469844947
1803,122.3361159698893
1804,122.03237599963991
1805,120.88943245993696
1806,122.8530724773927
1807,122.52721196517355
1808,123.77548943789603
1809,121.0126730576258
1810,120.88662662785231
1811,121.1164019750525
1812,120.95850833109286
1813,121.99452173981173
1814,122.69602225103996
1815,123.30473542830592
1816,122.91659610331864
1817,124.00283588600604
1818,122.90807225165877
1819,122.88471214197769
1820,124.08102608153521
1821,123.77939408895874
1822,124.47834281520441
1823,121.81682820235874
1824,121.9824314369266
1825,121.52227490480084
1826,122.2872930824385
1827,120.054156165068
1828,120.42766137073248
1829,118.91433895997709
1830,119.18365689407626
1831,119.67405092527957
1832,119.11613029165864
1833,119.6071521198753
1834,121.45303902841098
1835,120.46568122677856
1836,119.73482783304307
1837,119.91902534017748
1838,119.86859900223783
1839,119.39900792563388
1840,119.47636491751786
1841,120.66310915406373
1842,119.85494403249275
1843,119.94275813072983
1844,119.0366497632111
1845,119.30417046294029
1846,119.73247817359817
1847,119.86725468183381
1848,119.11024117698844
1849,119.60594839886835
1850,119.50610629012482
1851,117.36871737927062
1852,117.45085206820808
1853,116.51979013610547
1854,116.65911589441534
1855,115.68349312793126
1856,117.25873822637091
1857,117.69933385603377
1858,117.83296652556419
1859,117.82565805001137
1860,118.57745649884075
1861,117.71785501651675
1862,117.81468666324847
1863,115.35837057300074
1864,114.24646111827094
1865,114.56896864584465
1866,114.86506053349348
1867,113.44994112359836
1868,113.39024765848073
1869,113.41864597419003
1870,113.11898231924128
1871,115.36086967143052
1872,115.35328512149967
1873,116.09445523093207
1874,114.65157249440315
1875,113.59495706008785
1876,113.87499276185665
1877,112.82879835037232
1878,111.84149166657086
1879,111.66671025830709
1880,112.03387354232305
1881,113.64088908029254
1882,112.46097123191059
1883,112.17113949389514
1884,112.07017962379516
1885,112.01745475373843
1886,113.54519120692105
1887,113.51974008099697
1888,115.21325778053333
1889,113.90946992887797
1890,112.60144684571073
1891,113.55477025563354
1892,113.07841842444056
1893,113.24507282853274
1894,114.95516551355163
1895,115.99819590115062
1896,116.56825240769791
1897,118.35497007930961
1898,118.09876352903841
1899,119.16961769925666
1900,119.42328243240593
1901,120.92905997619127
1902,120.730999178181
1903,120.70949013889644
1904,120.87431393095612
1905,119.44551659411776
1906,118.62008465084644
1907,119.95672531110205
1908,118.98169586511176
1909,121.17297036471072
1910,120.94660268842019
1911,120.23678938342874
1912,119.60948421217712
1913,119.77284415647433
1914,118.60213096277238
1915,117.66849872263849
1916,118.19817592429769
1917,117.50239887637196
1918,118.70729922479794
1919,118.36224044470268
1920,117.6507241946665
1921,118.62691505860421
1922,118.37608561041775
1923,118.70997603447458
1924,118.76189767722319
1925,121.03883027411817
1926,121.05611767141656
1927,123.93521593303718
1928,125.33021085250151
1929,126.82436730674901
1930,128.29465292486753
1931,129.73351177795118
1932,129.62044386311752
1933,128.79691318761746
1934,127.93029190446357
1935,128.70514304927337
1936,130.70021623186437
1937,130.6900538670964
1938,130.85512818593676
1939,130.23655587154985
1940,129.99358622659327
1941,129.00023474035336
1942,130.464419909705
1943,130.48323562762155
1944,130.58044746128277
1945,130.34664977672227
1946,131.1784301945112
1947,131.10216301034308
1948,131.2756324197322
1949,130.09063869510413
1950,129.97216437887556
1951,130.7751671990046
1952,130.20917587015774
1953,128.5108219361496
1954,126.61872479535822
1955,127.98598481013312
1956,126.66220498630376
1957,124.27189115623649
1958,123.0580459302763
1959,122.19291355611534
1960,120.90205371489792
1961,119.4274806511135
1962,117.83320570236178
1963,118.21785402658435
1964,117.8952407715305
1965,117.91612596652196
1966,116.63263359430262
1967,116.16007830997334
1968,116.81040218955108
1969,115.74137821900439
1970,115.52713267302532
1971,115.13006679722137
1972,114.5047851397883
1973,113.16004472838877
1974,114.73973714387256
1975,115.18155036963078
1976,114.19204705532279
1977,113.93376637350737
1978,114.02091785585732
1979,113.72529358784095
1980,113.94366582355849
1981,113.59085133848508
1982,114.77157008801825
1983,115.83456247263928
1984,114.60833558112991
1985,113.3989340200786
1986,113.13547144058775
1987,113.29706427179
1988,112.95080249277572
1989,112.84873643568704
1990,112.96391582208872
1991,111.97840347189047
1992,112.33749340133446
1993,111.18257815302434
1994,110.99372974183996
1995,110.97388263708157
1996,109.21112858580845
1997,108.53398128540333
1998,107.41293240827581
1999,106.77821703860815
2000,106.52017815069439
2001,106.24324933139822
2002,106.68488962095
2003,105.17636904938918
2004,103.97596293981782
2005,103.77582548188789
2006,104.30978287020339
2007,102.8393107524344
2008,102.84410192542951
2009,103.59311346996513
2010,103.69597197653559
2011,104.3481168181375
2012,103.76828359521251
2013,101.84321733470813
2014,103.31463965369811
2015,101.79692235096876
2016,102.56619897336812
2017,101.77878595951543
2018,101.39959769288075
2019,100.54494673518731
2020,100.13648729939509
2021,100.35782326672836
2022,99.17677459995542
2023,100.62928599913671
2024,100.67944862357756
2025,99.90081600924421
2026,97.29934632710179
2027,95.94565899543367
2028,96.14959780028467
2029,94.04894556416016
2030,92.3185998565611
2031,90.992754391223
2032,90.76877780069441
2033,89.45122183080859
2034,89.83423826202898
2035,89.25323170606693
2036,87.29814972012814
2037,88.17665477155477
2038,88.30876885983649
2039,88.46339498946662
2040,87.8923686615866
2041,88.29712681070863
2042,87.85161051114352
2043,86.33807097018297
2044,86.0893195568731
2045,85.66186437352395
2046,85.4721227560045
2047,86.28092396618291
2048,86.28557248900856
2049,86.69489474580055
2050,86.6062615604048
2051,87.22756789598505
2052,87.55652200068727
2053,90.31369847654278
2054,91.74278924985423
2055,92.61101977256929
2056,94.57241667943407
2057,96.7564700524889
2058,97.34506374758115
2059,96.49041136014078
2060,95.60773130884269
2061,95.68084986335143
2062,96.12587109060318
2063,97.36207467312126
2064,96.71521038483861
2065,96.09403989976073
2066,96.96814949992716
2067,97.32594020939297
2068,94.9841294043943
2069,96.0236575460135
2070,96.8409198688392
2071,96.45482786550116
2072,96.84719411853206
2073,95.49307548214776
2074,93.87616429856097
2075,94.81787530926866
2076,94.56312553022417
2077,93.14781625715996
2078,93.1620608184753
2079,92.55018048517677
2080,92.57715485769918
2081,92.40356359414936
2082,91.35460266189094
2083,89.15543435118902
2084,90.78745401742717
2085,90.04680983415658
2086,88.97126350568539
2087,87.68829093410484
2088,88.11734196994011
2089,88.50598939725367
2090,88.46576162242008
2091,88.81184606297133
2092,88.76669584785071
2093,90.35652334928368
2094,90.47461078910081
2095,89.61978136178452
2096,91.45263643754353
2097,91.3491363153849
2098,92.40117872916215
2099,92.34295665190444
2100,91.07153308463938
2101,91.07331553649564
2102,91.10193537927873
2103,92.54943674678506
2104,93.9097001760252
2105,95.48549595608004
2106,95.15558620341248
2107,94.23661971519756
2108,92.7361343201922
2109,91.89949437129673
2110,92.1605474752686
2111,92.17763198659605
2112,92.56618400584826
2113,94.56649806712771
2114,93.62131734987724
2115,96.10162507783008
2116,95.60161966799797
2117,96.14504052814337
2118,96.42617580003791
2119,97.23392726262846
2120,96.25003575682689
2121,96.59159437670418
2122,98.34638559875695
2123,99.545900648632
2124,99.85785251831261
2125,98.90559728054464
2126,101.0117770751351
2127,102.07143472512415
2128,100.61815416984876
2129,102.01703919469895
2130,104.05370777587774
2131,105.05198888434514
2132,105.31660098181744
2133,105.47565137338785
2134,105.92763875172373
2135,107.63542025546498
2136,108.79988652950416
2137,108.82869780873926
2138,107.46748081820373
2139,106.63255684963791
2140,106.92218161774113
2141,106.41797670001515
2142,106.74872309386538
2143,108.42035800071821
2144,108.51160082532957
2145,108.09639263672497
2146,105.99199609755279
2147,103.42661225208555
2148,103.52691006188032
2149,102.7338895577603
2150,103.24732081667813
2151,103.42767723120656
2152,101.46156802396234
2153,98.9429105579611
2154,99.51283698758361
2155,98.3953206138644
2156,97.70599780245266
2157,97.96588554496851
2158,98.37714059012532
2159,101.69920660570274
2160,103.74052531234882
2161,106.2302745418391
2162,106.2038770684399
2163,106.31840097160351
2164,107.08867579189271
2165,108.92696144298348
2166,107.9366646799974
2167,109.63631128356084
2168,111.04491082556667
2169,111.47030672924171
2170,112.1602548308408
2171,112.98685172495743
2172,113.39602093059467
2173,112.88270956495253
2174,113.01156393989766
2175,112.53024339805305
2176,111.49996894310028
2177,114.75495875008842
2178,115.92993159619867
2179,117.82107885526699
2180,119.04042081746692
2181,120.68069791169027
2182,118.7230715436504
2183,120.80210695991954
2184,118.88653629274958
2185,118.90909135874321
2186,120.9556066699235
2187,122.81791847970209
2188,120.78464150297813
2189,119.42611033149844
2190,120.53886919440342
2191,120.21470640575279
2192,118.93159751615977
2193,117.68943240909019
2194,116.31220541152516
2195,116.53438063787503
2196,116.890314378018
2197,116.98779400644317
2198,117.51137463866078
2199,118.63023415673237
2200,118.68444201513734
2201,120.2154989319137
2202,118.367555177165
2203,118.14794527393737
2204,117.53475086670852
2205,117.60101323263092
2206,115.52373553578002
2207,117.96646922307227
2208,118.29730074981862
2209,117.40143296521421
2210,118.88048144888864
2211,118.75677893155267
2212,118.00577958053962
2213,116.31077478534412
2214,116.25598967517595
2215,116.88706694604628
2216,117.60979770366643
2217,118.9741665649863
2218,117.39042323440177
2219,118.81450639755921
2220,119.262990856106
2221,117.51151063648052
2222,116.3282034842251
2223,113.75593467267745
2224,113.82894890640297
2225,113.49751312715664
2226,113.06875485382425
2227,112.22583739152802
2228,112.42417826440513
2229,111.97821638039224
2230,111.60543944097219
2231,111.40067482982043
2232,109.92262104393835
2233,110.4998766435369
2234,110.86233236448751
2235,109.05746884116124
2236,108.83597072040703
2237,107.43801585930836
2238,108.11102907705747
2239,107.33615765775725
2240,107.90763704083605
2241,107.93591447292916
2242,108.73826786470504
2243,109.31720242611028
2244,108.96075037122479
2245,109.87106025012227
2246,109.00101651154336
2247,110.81628145941158
2248,111.42736506707887
2249,111.94474203251632
2250,110.42852610083295
2251,108.69760051173562
2252,109.6073700354288
2253,109.85931184352872
2254,110.05165077334499
2255,109.85254460186958
2256,108.61477489570667
2257,108.44933160697263
2258,109.27496405868831
2259,106.73406474688474
2260,104.64583056711515
2261,102.52255310568543
2262,102.58223564570102
2263,102.63382801372576
2264,102.10011608912271
2265,100.58285894198752
2266,100.37655959794715
2267,98.82709136421175
2268,97.54813658661928
2269,96.67748255775061
2270,93.43803327598944
2271,92.75789642886795
2272,92.63761901250342
2273,92.48489226674255
2274,93.36025626147348
2275,94.0337551753071
2276,94.16331007705024
2277,92.30590987420426
2278,88.97598068796775
2279,87.01842023580757
2280,84.54859578279698
2281,83.67871710736165
2282,84.75481535694557
2283,82.94963938502525
2284,83.48838112911776
2285,83.60637153069025
2286,81.06737532755443
2287,80.65460318627248
2288,82.79504236219583
2289,82.80528524104416
2290,81.86241441963467
2291,81.06408723688138
2292,82.35255167755331
2293,82.42101414313908
2294,84.5822766338536
2295,85.15862965677383
2296,84.01421715051524
2297,83.99926278331156
2298,82.71342071565357
2299,81.56016397187028
2300,82.51745493861344
2301,81.22132801915097
2302,82.61249845047516
2303,82.00486072679158
2304,80.59858327097899
2305,79.60622534406451
2306,81.08044469374597
2307,80.08423677186465
2308,79.95145652416883
2309,79.68130780254947
2310,75.98347779646639
2311,75.96857774394906
2312,74.80614227596885
2313,74.11256670050986
2314,72.9380457356588
2315,69.6262580605347
2316,67.06747076733565
2317,63.658508688506885
2318,63.770218343699796
2319,60.881818356409084
2320,61.953387559841275
2321,62.822780059513235
2322,63.587843398556416
2323,65.12100998444804
2324,63.46909801287392
2325,63.57935057266759
2326,63.209385345819946
2327,62.8519393146613
2328,63.70926419742252
2329,63.11162123693639
2330,62.04996499888411
2331,60.41934301719454
2332,60.015683937146534
2333,59.06568788084909
2334,56.62472695022205
2335,56.56805042096376
2336,55.319601602497734
2337,53.69938297005466
2338,54.005154451856924
2339,53.982514891536205
2340,51.60328048211973
2341,49.221588609899044
2342,47.038764535970174
2343,45.25771766298162
2344,45.612794192042905
2345,44.22187234791643
2346,47.46719980120449
2347,48.07655109111527
2348,46.98529209834512
2349,48.21809078097633
2350,49.798803902711015
2351,49.62765753514997
2352,50.04028000374799
2353,50.589222595522806
2354,50.675508203066414
2355,49.274428571334646
2356,49.028755536216494
2357,49.332759991231384
2358,48.3731561394378
2359,49.46299606632199
2360,49.54910406795066
2361,50.526419593413074
2362,49.02725497580611
2363,47.648857183912924
2364,47.27201471718692
2365,47.160495073113815
2366,48.55290483034275
2367,49.06102492026123
2368,49.06267254526888
2369,47.472970661331935
2370,47.73469453930414
2371,47.397100446693074
2372,45.86399531797471
2373,45.90345588655265
2374,45.84767886478864
2375,45.69303993768144
2376,46.34946453031987
2377,46.413923056594804
2378,49.2413763843626
2379,50.19771018851105
2380,49.26896166010976
2381,48.93916656535196
2382,48.001174110934954
2383,47.812837140909345
2384,48.9886128874511
2385,48.384400805371236
2386,48.967137086179484
2387,46.74872605872826
2388,46.08478232190931
2389,46.88982918098796
2390,47.022148542528036
2391,46.539012214652274
2392,46.8958377680646
2393,48.080729030973686
2394,47.55905721399154
2395,46.636223305909446
2396,44.768746413481864
2397,44.5500699901834
2398,44.21721791926542
2399,44.362891499668656
2400,42.756615061030914
2401,40.78750570471556
2402,40.340658782074385
2403,40.55924925981054
2404,43.36342323452469
2405,42.41089792312054
2406,39.501240004975905
2407,37.629962070552466
2408,38.66399070589214
2409,40.93026338059484
2410,42.237711224848034
2411,42.14254640543939
2412,44.32683329836088
2413,44.60416944451233
2414,44.42406977212168
2415,45.65054977294471
2416,45.11718107480091
2417,46.46978718686267
2418,47.63715129646884
2419,49.53003638517855
2420,47.803615589294765
2421,45.88759020234124
2422,46.20811596239065
2423,43.812862999274586
2424,43.37366143219599
2425,42.73408145604939
2426,41.01647924966246
2427,39.94462017086321
2428,39.51625600962919
2429,40.65946724099422
2430,39.8631952170897
2431,40.648351588232835
2432,40.4371920106588
2433,39.85057312474397
2434,41.452222803647736
2435,41.8722380317823
2436,43.25106734278088
2437,43.31983481777285
2438,43.27383299014826
2439,43.85496656579301
2440,45.216728325694
2441,48.149266646052475
2442,49.17856897224929
2443,50.38952188437176
2444,48.338954151488345
2445,47.860687794946436
2446,44.95429000102997
2447,44.82991139636847
2448,45.125921270782136
2449,42.51944464542261
2450,41.59234691803208
2451,43.33535768309035
2452,43.59621331424324
2453,44.57279645615736
2454,41.684991648280366
2455,44.00264206588773
2456,44.904026143393345
2457,45.342977490567044
2458,43.56314566722867
2459,42.842928817078736
2460,43.58148045521748
2461,41.64914232770314
2462,41.585877770437456
2463,42.65710946827804
2464,44.1564135857536
2465,42.6963023566197
2466,43.48995178296984
2467,42.977685969880085
2468,43.96636382368667
2469,43.937494601821854
2470,46.27268066109341
2471,46.307804792708694
2472,45.62442523173383
2473,47.74942693864668
2474,46.62580484008215
2475,47.41570360125969
2476,49.293188044627904
2477,47.919714523044625
2478,47.034898778590225
2479,47.41349609507543
2480,47.228905347642375
2481,47.969463346719685
2482,50.60294023196963
2483,52.69718863428839
2484,52.60462899162312
2485,51.896920775738074
2486,53.37077357973073
2487,54.58730014351232
2488,52.838198475742814
2489,53.89195862683025
2490,54.458664677563775
2491,54.657381927576445
2492,53.58197921253839
2493,53.83653052520582
2494,53.63336284625649
2495,54.097112378797675
2496,56.22720319395893
2497,57.14830437210049
2498,57.072862178858344
2499,58.0028532368636
2500,58.27152248308655
2501,60.74332025885895
2502,62.15670984936361
2503,61.58403112433387
2504,60.974739898020204
2505,61.89493828425136
2506,65.66239640005315
2507,67.3691198567482
2508,66.73755123620255
2509,65.1215022915593
2510,65.61708997537099
2511,65.55718705680587
2512,65.67069330032156
2513,63.473343059756644
2514,50.33417485147906
2515,44.18390623253965
2516,26.21121199671532
2517,17.473117686744093
2518,15.807192469397927
2519,11.997016301991387
2520,8.956209383161838
2521,-26.658020609064014
2522,-28.792272583510524
2523,-41.113604729021375
2524,-47.606831294597114
2525,-51.80327136236899
2526,-57.20779503372748
2527,-64.36312149016118
2528,-65.27853652905186
2529,-74.26731808105086
2530,-80.29049921038398
2531,-88.68534731671043
2532,-107.51064943807125
2533,-115.76071438712728
2534,-126.71232977834559
2535,-139.06769840518717
2536,-141.2953687430966
2537,-145.694746479332
2538,-160.27082241220174
2539,-182.00652101532262
2540,-189.56156320614303
2541,-200.17594449804085
2542,-220.4825935932796
2543,-238.79726159053314
2544,-243.26140733190613
2545,-251.2598019191701
2546,-258.0986535421956
2547,-266.27257835896285
2548,-273.11891009045735
2549,-278.03476772132876
2550,-283.6932065861629
2551,-292.8299947514658
2552,-323.39908429819616
2553,-330.10603160416656
2554,-335.05760714851226
2555,-343.25922053743676
2556,-356.7078631768868
2557,-363.484918093358
2558,-371.3643216555727
2559,-376.69606634370825
2560,-382.2051949502387
2561,-388.4233755149349
2562,-395.1943686943903
2563,-402.768817110512
2564,-409.3799854539452
2565,-413.5724491273148
2566,-425.53232081048895
2567,-430.4534594057311
2568,-439.0481091910591
2569,-446.59085301174184
2570,-455.12708115084956
2571,-467.5063612035993
2572,-473.7052612711749
2573,-482.31915133180087
2574,-487.34089921619227
2575,-497.4774764105395
2576,-527.1072222866776
2577,-532.9381803091845
2578,-541.0623665968398
2579,-542.5304486366222
2580,-546.63152559649
2581,-561.0429295457756
2582,-569.2570884762264
2583,-577.1505483957585
2584,-584.1984288909678
2585,-589.1558488949739
2586,-596.4909640989571
2587,-605.7354800903519
2588,-610.4517823977703
2589,-620.1875682990463
2590,-628.4061246479073
2591,-637.6168400768476
2592,-649.2888888489614
2593,-655.7747234493453
2594,-662.8023743706749
2595,-697.7199763397089
2596,-711.9941504468634
2597,-772.262256710154
2598,-823.8950253537379
2599,-831.2626775101985
2600,-839.7817247315355
2601,-848.1798308145599
2602,-856.2321843027238
2603,-863.7852704918716
2604,-871.0399507779746
2605,-876.607320629453
2606,-884.1659374441401
2607,-894.1421124896656
2608,-900.8165884555675
2609,-910.1762709364888
2610,-928.04679481488
2611,-947.4781574241586
2612,-955.5521569383105
2613,-958.9279001987951
2614,-951.3678082896387
2615,-951.2515265422542
2616,-939.3962927348548
2617,-937.3619458865247
2618,-945.7271600085791
2619,-953.3201405796264
2620,-960.1304442699302
2621,-930.3532705009923
2622,-934.4850393497429
2623,-928.9205921188196
2624,-928.1053311204944
2625,-928.8860629366054
2626,-928.1389662043349
2627,-926.5610710724884
2628,-932.6406494876663
2629,-931.4808188901284
2630,-927.4436362743942
2631,-925.7585460987024
2632,-913.4656848687507
2633,-917.6931219609261
2634,-917.2847902989732
2635,-912.0292216502822
2636,-916.2794661495439
2637,-922.9653955756022
2638,-921.6923276740154
2639,-905.062251286589
2640,-910.5416858727679
2641,-906.8095117723566
2642,-895.8441747035753
2643,-880.242336348212
2644,-900.7844333996254
2645,-903.7917125793622
2646,-908.6260899765256
2647,-906.9375845166767
2648,-913.7482013102341
2649,-915.0758951192931
2650,-914.907801021771
2651,-907.9257303255196
2652,-881.8897784005386
2653,-883.8396568130679
2654,-889.4441586721715
2655,-893.6410626266073
2656,-891.115080087149
2657,-900.6299004774073
2658,-897.9972264357737
2659,-901.748639787103
2660,-901.2100876857938
2661,-901.2403598326432
2662,-900.3519136181501
2663,-903.0494480524453
2664,-905.5741091810473
2665,-904.9701504721935
2666,-909.8746042321187
2667,-910.1091344392173
2668,-912.8482370551801
2669,-917.6266398998953
2670,-916.386617784922
2671,-911.562530848968
2672,-913.6662160816752
2673,-916.7872463200313
2674,-916.306332850713
2675,-913.3637296049258
2676,-890.5488879455385
2677,-890.416895380398
2678,-890.3862120114184
2679,-902.3968285288212
2680,-902.8581377815822
2681,-899.1037252111867
2682,-897.5495733368665
2683,-898.6964712297901
2684,-899.4544193950188
2685,-902.7720189287511
2686,-903.265205081517
2687,-900.6962085398144
2688,-919.0983618328033
2689,-917.3608278026995
2690,-920.1309425209722
2691,-946.6406263813972
2692,-941.372183162591
2693,-941.8277396918324
2694,-941.0057300015318
2695,-912.3319707623192
2696,-905.8339996782456
2697,-855.1464772532768
2698,-809.4879379233384
2699,-811.228950391152
2700,-807.1694312154531
2701,-806.6077653232699
2702,-805.4990115696158
2703,-805.5980607853895
2704,-821.8854631941483
2705,-824.8526497574604
2706,-824.7144371337819
2707,-821.3447255513674
2708,-820.8473127614764
2709,-817.4399574120205
2710,-809.5419857660963
2711,-797.1798300794061
2712,-799.1934150649845
2713,-799.8421401204841
2714,-808.8424103405251
2715,-809.7060454916827
2716,-809.7060684178535
2717,-808.7870092555528
2718,-806.1074823714292
2719,-801.4327590133269
2720,-796.1521611902618
2721,-808.4351547881317
2722,-809.135909378866
2723,-808.2613895738589
2724,-809.3596367285286
2725,-830.2164384789061
2726,-890.1662875100817
2727,-892.0349513347766
2728,-895.0912394659371
2729,-895.3315797423468
2730,-899.0694546887484
2731,-900.4968531394319
2732,-898.97298954106
2733,-891.5508677357457
2734,-886.5076191648549
2735,-909.7657868873483
2736,-908.9581079339941
2737,-902.3511330114525
2738,-899.3293157662011
2739,-901.4800922379357
2740,-893.3975758576776
2741,-893.8949980735472
2742,-886.1829454303603
2743,-896.5867670619483
2744,-879.2786773031008
2745,-872.8825891365682
2746,-867.5571505633837
2747,-863.1680750374207
2748,-862.1971224737067
2749,-855.0516241409366
2750,-856.157085918203
2751,-860.7554888436715
2752,-867.6906472960452
2753,-878.6813800591405
2754,-867.4652802175988
2755,-861.2513883689946
2756,-855.2346690663752
2757,-846.3814592109095
2758,-847.2176522168669
2759,-843.7207849025514
2760,-842.2676184616091
2761,-835.5999279046185
2762,-835.2176332142557
2763,-830.8177658960341
2764,-829.2901273128218
2765,-831.1431670703677
2766,-822.3187031971337
2767,-824.0769473540627
2768,-833.5034101325624
2769,-827.0305749131962
2770,-830.5687030912865
2771,-830.1365143332395
2772,-825.1347068917006
2773,-822.1078429126312
2774,-836.4514385262312
2775,-839.7905099441913
2776,-840.6365241861328
2777,-844.1874931578284
2778,-845.0570614374628
2779,-841.0916067691511
2780,-845.6558201031585
2781,-836.888769200674
2782,-839.2635862265339
2783,-846.7593087217078
2784,-845.7445795092686
2785,-843.4261578989882
2786,-844.1502857482233
2787,-847.5801958006402
2788,-823.9869951812965
2789,-824.9374889967958
2790,-822.7272048913295
2791,-797.0151622638646
2792,-796.716182981666
2793,-800.0152292637131
2794,-794.7269495797856
2795,-800.0599538345402
2796,-805.5869782572247
2797,-804.7005086107893
2798,-807.037645107777
2799,-807.3230057211262
2800,-808.3607579376438
2801,-809.5763047218784
2802,-810.8668785406154
2803,-812.2041004316217
2804,-796.7716238773901
2805,-799.8101990838593
2806,-791.8649669049805
2807,-804.7779634126804
2808,-809.280447055816
2809,-823.3918042671172
2810,-814.1900423336306
2811,-813.7888601215219
2812,-805.1263998029672
2813,-799.3079055038626
2814,-795.4501360799081
2815,-798.0228953099183
2816,-803.7398752524309
2817,-804.1633260970465
2818,-801.3191326406671
2819,-796.3432766401608
2820,-797.9017600065558
2821,-792.3131041096407
2822,-787.4628245962678
2823,-781.2645401557552
2824,-773.4910046565677
2825,-747.9446872628859
2826,-696.2928053503488
2827,-689.7903370020344
2828,-686.1497178932483
2829,-684.7310525969043
2830,-686.4907350303802
2831,-680.1773307527084
2832,-679.5806650641165
2833,-685.2552959281971
2834,-688.5078968530281
2835,-665.8148746267595
2836,-662.2611739831323
2837,-666.777781119516
2838,-664.3166550191024
2839,-662.9384738561348
2840,-658.4961457467838
2841,-661.5498422112469
2842,-661.7079749624197
2843,-674.1857192248461
2844,-671.3906558482968
2845,-684.1170038945513
2846,-684.3004011762628
2847,-696.6663932939949
2848,-690.611196861184
2849,-695.6850390551725
2850,-695.5050814094556
2851,-696.6673811143286
2852,-687.1074472399753
2853,-676.2807722502772
2854,-676.3140697687861
2855,-672.5992763870241
2856,-674.1770389439151
2857,-669.8423280815967
2858,-664.031562684974
2859,-689.8940973813504
2860,-687.2248578985692
2861,-693.4511299264007
2862,-694.5577387049753
2863,-694.528826509936
2864,-694.7836516728365
2865,-693.1964144238541
2866,-695.5074996653135
2867,-691.2247445715557
2868,-677.5076329196432
2869,-679.2263349252247
2870,-675.9512529132206
2871,-675.451852646098
2872,-698.6120678506326
2873,-698.7082300322212
2874,-680.1124390686524
2875,-672.7733411690903
2876,-668.2843216559554
2877,-663.8838391252299
2878,-656.8158672855794
2879,-654.0687479875975
2880,-646.8384688969171
2881,-656.7750663818779
2882,-656.3026373502558
2883,-647.1490689314953
2884,-683.4584973602906
2885,-682.0297344608408
2886,-681.6182497010128
2887,-678.819134800044
2888,-686.2631050140001
2889,-688.1268373835749
2890,-682.0099378647466
2891,-681.9369474102095
2892,-683.2455577574858
2893,-676.0459205282773
2894,-686.7102770436192
2895,-682.770411297229
2896,-677.2742638804507
2897,-678.3257011610872
2898,-680.8082968148615
2899,-691.818101636235
2900,-694.621815412664
2901,-688.1345304722358
2902,-686.5352148487893
2903,-684.4455753197541
2904,-691.9438132125122
2905,-686.7847337376437
2906,-695.9834272823426
2907,-695.5661385031262
2908,-691.0789526991709
2909,-672.6016694331671
2910,-673.264821273073
2911,-672.5828873850937
2912,-679.4896985539976
2913,-680.3329996312616
2914,-674.9098427895142
2915,-666.9391297610214
2916,-655.188499519177
2917,-658.0367804952624
2918,-655.425785032308
2919,-662.3287290628967
2920,-656.7836185633238
2921,-644.808842570868
2922,-645.3942737855431
2923,-651.9150931875868
2924,-656.9713090989368
2925,-662.9612770172434
2926,-650.5046077360846
2927,-656.7560267005957
2928,-658.6245376539044
2929,-661.4266411835836
2930,-666.568781153804
2931,-674.0790394066003
2932,-675.6332197034674
2933,-661.976981612061
2934,-656.2857180585435
2935,-649.781952711146
2936,-655.9655223392841
2937,-646.565222207599
2938,-640.4514651897834
2939,-640.1537979614309
2940,-640.6129731099078
2941,-636.2401286828266
2942,-635.9029435299271
2943,-620.2611619911595
2944,-615.5201142331047
2945,-597.6521966067141
2946,-590.7783079747136
2947,-579.2289198511282
2948,-574.9075656583996
2949,-571.0579775276784
2950,-565.734778448852
2951,-560.8578425327108
2952,-561.4839926500357
2953,-555.4650143884502
2954,-556.3812824874076
2955,-565.4861421939753
2956,-561.4107813211452
2957,-561.8166125195568
2958,-562.9608586203598
2959,-534.9973529952117
2960,-542.4580489041531
2961,-538.1409059730435
2962,-532.968848727614
2963,-531.3473035847675
2964,-527.0269251136154
2965,-525.7147162383396
2966,-518.8015601361493
2967,-517.6594422111704
2968,-513.0368175591465
2969,-510.40696714891544
2970,-506.7713262191875
2971,-505.288216148687
2972,-480.0586395988214
2973,-474.21997136760046
2974,-475.6487566505026
2975,-476.50305497576164
2976,-479.7862571079462
2977,-474.70605858609366
2978,-473.8800121266883
2979,-469.995164613167
2980,-468.5568786237949
2981,-459.8852666582541
2982,-456.5908962451017
2983,-451.4124362996959
2984,-416.18548410255573
2985,-410.42096801390807
2986,-404.285816564768
2987,-397.29091574608907
2988,-389.22420841602457
2989,-380.67483772052236
2990,-379.90156706878884
2991,-369.6062577946586
2992,-361.6434866636563
2993,-360.6721964089642
2994,-349.59193391130634
2995,-348.6273472561549
2996,-341.17095415889054
2997,-333.93596903086177
2998,-322.908219498542
2999,-303.8971617768715
3000,-295.1644363105916
3001,-293.9655389113197
3002,-290.0601771491613
3003,-284.9812889523095
3004,-271.94528547593785
3005,-266.4118111874821
3006,-259.63156504112516
3007,-241.0833452998362
3008,-236.0377069330215
3009,-234.59028812389886
3010,-234.39187564823385
3011,-229.96390319654762
3012,-223.61895170415954
3013,-221.62474615320002
3014,-216.89666584635154
3015,-216.76327173766254
3016,-217.41669413711443
3017,-209.41853658181145
3018,-208.38597464113806
3019,-200.05870793311576
3020,-198.00268829026274
3021,-197.2066521367868
3022,-195.98981625229476
3023,-188.43438425533782
3024,-183.91917689647596
3025,-174.98821862393072
3026,-174.30437036225027
3027,-167.27973183264376
3028,-158.307360590248
3029,-150.3282338238615
3030,-135.64056239442047
3031,-128.53950039280417
3032,-122.54019305610706
3033,-124.9049495609574
3034,-123.48615778598536
3035,-122.83792945642898
3036,-117.24956503290518
3037,-117.90135561907958
3038,-116.52031899253936
3039,-110.4215526117988
3040,-111.02414860113262
3041,-105.65302342448736
3042,-105.1355979306173
3043,-96.5660748388474
3044,-94.51677852777168
3045,-94.25161005559545
3046,-93.2411177742552
3047,-92.23266866001326
3048,-90.3625934175424
3049,-88.47045792093284
3050,-86.59997985424876
3051,-83.61210400873618
3052,-80.31619632126603
3053,-76.38071225508838
3054,-73.55481194575607
3055,-62.38652640259209
3056,-59.90573433158021
3057,-58.934216168207655
3058,-54.94487947436992
3059,-51.949409862885105
3060,-43.00009422949412
3061,-41.270478473071144
3062,-38.61162261615478
3063,-33.99906276864394
3064,-31.56708160873979
3065,-27.156688604616438
3066,-25.514543588786292
3067,-24.541438733707945
3068,-23.138343195919706
3069,-16.203652408833335
3070,-14.97845627839633
3071,-8.731972317618936
3072,-6.396539209185667
3073,-5.192898557115432
3074,-2.2969628046073747
3075,0.33996648584351463
3076,4.0206172086494
3077,5.60594228642397
3078,5.03461929548374
3079,6.561419231954526
3080,7.790506084447248
3081,10.024323060449355
3082,12.781213820321819
3083,13.454343334634721
3084,19.78567008317409
3085,20.318554834302805
3086,20.385518645178706
3087,20.1290013418965
3088,20.287393849566104
3089,20.612654968644602
3090,20.938591643392424
3091,19.905554634461954
3092,18.021601081393616
3093,19.173974990210674
3094,18.790732276496083
3095,24.142091986612026
3096,24.199361274558047
3097,23.423761999391186
3098,23.88153802777684
3099,22.681007835272275
3100,22.242851089486138
3101,22.510135774203818
3102,24.276114040225007
3103,26.57629639620932
3104,28.241979393253132
3105,28.182740780749995
3106,27.633282071050957
3107,27.495283950529643
3108,29.54871520701189
3109,29.87523236940181
3110,30.50608321507533
3111,32.73894994652564
3112,34.27496489708533
3113,34.60167730412778
3114,36.6294461148701
3115,38.42194384601483
3116,41.000127396878796
3117,42.66013916444595
3118,43.88413431644151
3119,43.11135995962456
3120,43.09292594895552
3121,44.75503034663087
3122,45.56397523226499
3123,46.145409175378234
3124,45.129675089860456
3125,44.198132245588184
3126,46.32414744171177
3127,47.935583623676386
3128,47.53997675198415
3129,48.444078994227866
3130,48.0784307745172
3131,50.44891145949097
3132,51.69041599300402
3133,51.9456210488364
3134,52.301313966953174
3135,52.21717372926465
3136,55.16173282764168
3137,57.0411541736333
3138,57.68773323787773
3139,58.67164016444225
3140,61.21694858114851
3141,60.513698147839435
3142,61.441302129878544
3143,62.46000432213643
3144,62.098974488631114
3145,63.38928144918366
3146,63.3813260807441
3147,64.46157878181835
3148,64.35871037574549
3149,64.70288889633153
3150,64.69244061078615
3151,64.08045939771867
3152,63.287771557441076
3153,61.47924272011631
3154,61.45761092551834
3155,61.696530056219984
3156,62.22080544790229
3157,64.37100401846745
3158,64.04198086653805
3159,65.14486088587846
3160,64.80728847226446
3161,65.60629103671343
3162,66.2826785883744
3163,66.30409324761816
3164,66.96534185002888
3165,67.15675503575308
3166,68.10965992548526
3167,69.98497865377085
3168,71.15302424423408
3169,70.99329932900766
3170,73.26248240775108
3171,72.48590702736288
3172,73.50231298096698
3173,75.25460857190585
3174,75.90848633176785
3175,76.3763719591574
3176,77.92591891116209
3177,77.85916633168968
3178,80.11419671910822
3179,81.0653407764631
3180,82.29397335283801
3181,82.4737567581231
3182,83.08227627780369
3183,83.77091655093244
3184,85.66336704855344
3185,86.18216084143874
3186,88.4468116352271
3187,89.89021769954543
3188,90.77029343799529
3189,92.13698354660802
3190,92.97577371377125
3191,93.25247726578738
3192,95.45788230322428
3193,96.03972152679431
3194,96.63540452455895
3195,97.80828860256925
3196,98.39973569809683
3197,99.99359302620563
3198,100.77663539018072
3199,102.46756531359519
3200,103.3125561696921
3201,103.57690643855209
3202,103.96022533430688
3203,103.41187184404654
3204,103.60344450351498
3205,105.74965030550761
3206,107.91978421903985
3207,107.93776567130121
3208,107.9441873464163
3209,107.13826669335492
3210,107.78123093135069
3211,107.31955120933917
3212,107.34016787828153
3213,107.27854796638648
3214,106.90231908570888
3215,106.88320399684069
3216,107.17921085677895
3217,107.38906270220372
3218,107.2913380023811
3219,109.1368870470508
3220,108.6748650829188
3221,108.65811467186107
3222,108.71139318125167
3223,107.06443601192267
3224,109.59248348979939
3225,108.31726940605604
3226,108.34993541027463
3227,108.35307831713085
3228,108.34497814016908
3229,108.82318350826796
3230,108.7632692717457
3231,109.6671864473389
3232,108.9216952744141
3233,110.14649845063762
3234,109.40527678784511
3235,110.5933219415717
3236,110.96659058010728
3237,110.93552367580698
3238,110.9381921323091
3239,110.14002211195844
3240,110.02484473599493
3241,110.70772828526647
3242,110.43031757174083
3243,110.49862692364903
3244,110.27134516421927
3245,110.08765549957165
3246,110.54781819490822
3247,110.83599521934526
3248,111.26969521398112
3249,111.21269643161142
3250,109.64597857132127
3251,110.165856697223
3252,110.81359974691031
3253,109.49396031812726
3254,107.97662524229546
3255,108.61636621830323
3256,107.81592270472777
3257,106.33125605102946
3258,106.48042621206291
3259,102.8704198994129
3260,103.22557324446798
3261,102.39607142119762
3262,102.01533376097754
3263,99.75095204292603
3264,99.67812066473884
3265,99.62791571586962
3266,99.89872870122905
3267,98.39404115523058
3268,98.57382462353833
3269,97.6316501013626
3270,97.07653951369703
3271,96.82175490691438
3272,95.32640604213624
3273,95.61450636666818
3274,95.52524338997421
3275,95.22177366421198
3276,95.29226092356292
3277,95.88457504158549
3278,93.67649512639437
3279,93.35892703221074
3280,92.7482082908806
3281,91.18933612383721
3282,92.33527192538624
3283,90.76714111439729
3284,90.36566959422738
3285,90.29819633759747
3286,90.21449140748604
3287,88.29055823309008
3288,87.93495100382896
3289,88.11830802258119
3290,87.12198747442902
3291,88.3967138055727
3292,88.95320871893513
3293,89.0663564387185
3294,89.86668004307063
3295,89.31886302854952
3296,88.6015071153102
3297,89.743920146098
3298,89.88543983279693
3299,90.27186682612233
3300,90.6740106419472
3301,90.55897225311081
3302,90.24241953784646
3303,91.31134030569098
3304,91.71591717627031
3305,90.8462027360331
3306,89.11846681341467
3307,89.80236036906634
3308,89.1832235691286
3309,88.60607254857263
3310,87.5123494576618
3311,87.03380937512044
3312,85.58517700104045
3313,86.48363048585102
3314,87.74147480443436
3315,88.55702600787612
3316,88.40761405634709
3317,87.00718955025869
3318,86.90637832943743
3319,85.95108300238522
3320,87.08662046151028
3321,86.71583895506915
3322,86.20704235574227
3323,87.55439293782162
3324,88.03497266536606
3325,89.11644373698746
3326,89.11790868526285
3327,89.01395412453104
3328,88.71641977589682
3329,88.78709604785585
3330,89.35930050083476
3331,89.36028206448985
3332,89.35382016735286
3333,89.2827047251976
3334,91.31759819339275
3335,91.35080203787679
3336,87.93268395799625
3337,87.53178870875679
3338,87.13895936009374
3339,87.86220946074123
3340,88.21309382058693
3341,87.90775528000826
3342,88.26780764785757
3343,86.58947143641076
3344,87.50890458671488
3345,87.22575507486115
3346,87.60602364381664
3347,87.62868397738707
3348,87.67841053360718
3349,87.90598584467315
3350,88.70747647409577
3351,88.51696665738869
3352,88.00677709337971
3353,90.74205782275742
3354,93.09465476224973
3355,92.30631054280565
3356,92.74078269552211
3357,95.28089503727254
3358,95.14407682653791
3359,99.0964595746244
3360,98.95205281845327
3361,98.8827474700608
3362,99.37078691425226
3363,101.45434631116136
3364,99.84188133814942
3365,100.00333006564684
3366,100.0902779182012
3367,101.61671007876684
3368,99.77623946707949
3369,100.9766627612721
3370,100.71332325959617
3371,100.81237898822454
3372,102.5980385813081
3373,102.46432011391705
3374,102.72019104557494
3375,102.72243768417705
3376,102.6207647618636
3377,101.72891366997115
3378,103.4735937074011
3379,103.76358933145355
3380,104.5971532262115
3381,106.13146684863564
3382,106.20557088678623
3383,107.44506586702808
3384,107.78942200016283
3385,106.30053090610816
3386,105.69903728179061
3387,105.47405411968583
3388,106.04094296568175
3389,105.8220532206987
3390,106.80608548913739
3391,105.45396586140963
3392,104.28368196670222
3393,103.97398171281067
3394,103.64621780724968
3395,104.17236628089125
3396,105.10692047498702
3397,105.22160915884234
3398,101.45659063604955
3399,100.61572331872401
3400,102.05068960048044
3401,102.56044081335996
3402,100.84393440052624
3403,100.06348809136747
3404,100.20820676104967
3405,101.30031255649017
3406,103.28912313831124
3407,102.08011505726218
3408,100.9291249949182
3409,102.73818933468544
3410,102.7444848833595
3411,102.50455980037863
3412,104.85007450705129
3413,103.74269353942368
3414,102.87225566946026
3415,102.53337253463884
3416,101.17910570041366
3417,102.64750999044178
3418,103.01593749626814
3419,104.13141993979715
3420,104.47485751014113
3421,104.62035092664637
3422,104.26796379010106
3423,104.35390804544684
3424,104.25671813782114
3425,102.31433711958256
3426,103.55257588893092
3427,101.7246256752434
3428,102.27028907559394
3429,101.83336212887845
3430,98.74977993259148
3431,97.78298357983195
3432,99.29483431524784
3433,99.77159063753568
3434,99.44736790064624
3435,100.68081878722771
3436,103.33756600405691
3437,102.3679857211459
3438,102.78530331635082
3439,102.86799858195288
3440,100.48708808182614
3441,98.87216710441432
3442,99.46645194869836
3443,101.05307040339486
3444,101.32145931682939
3445,99.7204304103465
3446,100.41890067555867
3447,98.54059819753708
3448,99.62754130087596
3449,98.30207445383003
3450,99.13383058836457
3451,99.58257186470603
3452,100.1180234849062
3453,99.36541638053023
3454,98.68205525928204
3455,96.62001300555859
3456,94.99077529757902
3457,93.5060371756282
3458,93.34643452200831
3459,93.13953304836035
3460,93.52580559966775
3461,94.05311974659696
3462,93.04593775869631
3463,93.26722984930953
3464,95.09103661545106
3465,94.99507984882439
3466,94.97114563858098
3467,95.03687070389866
3468,97.26961032392437
3469,98.1798057025881
3470,98.76633030900207
3471,98.88695724427042
3472,97.39303089897939
3473,98.0542949503209
3474,96.29474894455021
3475,95.13282700056509
3476,94.61874305692304
3477,94.56966217960479
3478,94.6883365875876
3479,95.0059353501883
3480,82.93224136482051
3481,83.20977670382196
3482,83.0546774718189
3483,84.45914962261907
3484,83.12380189038765
3485,83.5626914310071
3486,83.21588194115918
3487,85.03097977494679
3488,84.02191276692457
3489,83.81610097994756
3490,83.10271546826894
3491,84.41395310025766
3492,84.77697202121202
3493,84.92592378586227
3494,84.2054881701784
3495,83.84723526153044
3496,83.67232856769044
3497,83.51987971098049
3498,87.15429593536832
3499,87.27597060972623
3500,86.4896773435746
3501,86.4387546756361
3502,88.05238911407521
3503,87.82424221218065
3504,87.84875209888031
3505,87.50826792019167
3506,86.97153999953544
3507,88.25724420116687
3508,89.54314443014034
3509,89.37471214519071
3510,90.6635964877729
3511,91.83343310040432
3512,91.0104075350635
3513,90.92871816942136
3514,91.26773517279078
3515,91.21873754247855
3516,92.70289054717068
3517,92.4390563233816
3518,92.35077266424067
3519,91.61178226522821
3520,90.28597480144502
3521,90.48080220708475
3522,91.70060803478717
3523,91.90277141567424
3524,90.95189638691596
3525,92.82112134731244
3526,91.01012049574385
3527,92.89462226810687
3528,92.7682795920354
3529,92.7608055389934
3530,95.88142778527144
3531,96.64014261300801
3532,95.36257968105816
3533,94.70718296423225
3534,94.96127868362993
3535,93.64383579527964
3536,93.87481444334946
3537,95.15046169479444
3538,94.99491905989113
3539,94.80411323146228
3540,96.90215759608387
3541,97.20518248425088
3542,96.64968867472192
3543,96.69313963579596
3544,96.07739254808574
3545,97.8728080535956
3546,97.11449294692702
3547,98.88056218413014
3548,97.66054995188902
3549,98.92406229157436
3550,98.66457796282103
3551,98.26309237960609
3552,96.44339858554089
3553,96.8552753586193
3554,97.26067186176455
3555,97.79107221551085
3556,99.53191184249329
3557,100.47751552575463
3558,101.30838276620301
3559,101.15828561358644
3560,101.03284778718002
3561,102.79428456390495
3562,101.6987089535453
3563,101.59793990368273
3564,102.67249343910048
3565,102.34095213109543
3566,102.77265376773333
3567,102.54115064531152
3568,103.03719567013681
3569,101.98645694774437
3570,100.20163127450594
3571,101.17787510598322
3572,102.0471355689978
3573,100.95291062351609
3574,100.81409449710634
3575,101.7149840775059
3576,102.71889697481667
3577,103.55287113534095
3578,101.84613716281096
3579,99.68374958072901
3580,111.82445669306071
3581,112.11356427627008
3582,112.15611116450364
3583,110.97761412877162
3584,110.43762614560708
3585,111.31012579880421
3586,111.62315015890961
3587,111.90538945984053
3588,112.50946814655755
3589,112.73741204901056
3590,113.70164078330423
3591,114.15458868640975
3592,114.23385310401511
3593,114.13938927405907
3594,114.57880529555216
3595,114.72207292234005
3596,114.67623630018326
3597,114.58160181932337
3598,114.40173140783969
3599,114.47586991351032
3600,114.21350460822065
3601,112.66091238056296
3602,111.0544266170562
3603,111.57907560937318
3604,110.98041959283792
3605,111.52890958115847
3606,111.51392267328285
3607,111.37869952450201
3608,111.68074759972828
3609,111.60455425305919
3610,111.63519423676878
3611,112.16917202715176
3612,111.86383025847243
3613,112.33956874281611
3614,112.1444837383422
3615,112.31083826794607
3616,112.22131104224373
3617,112.15243858044167
3618,111.89613923285144
3619,112.6961325584372
3620,112.8927015568672
3621,113.49218031738788
3622,112.93070452848957
3623,112.62259199613726
3624,112.78689047508256
3625,112.34147302386111
3626,112.57447190129992
3627,112.3449577563324
3628,112.19143056705778
3629,112.11506956220371
3630,112.47706727819994
3631,111.74985218681236
3632,113.86953415105451
3633,114.1782978263123
3634,113.97119412429792
3635,114.0049254198161
3636,113.63340840608095
3637,114.01820986839043
3638,113.84432194255862
3639,114.02985790800905
3640,113.77114004117232
3641,115.38769241460048
3642,115.75863904471841
3643,115.76597646291079
3644,116.0849266072956
3645,115.95007510011067
3646,115.92494153922775
3647,116.05211410557857
3648,116.34174448896712
3649,116.48059399474498
3650,116.86133639247554
3651,117.36414673079409
3652,119.11972008491392
3653,118.6175051320953
3654,118.14420571357869
3655,119.48533551774577
3656,118.57007515326858
3657,117.9911178941274
3658,117.56860280213273
3659,117.4099693850782
3660,117.4401381726059
3661,117.06914642086298
3662,118.896137592822
3663,118.8229467324783
3664,117.70293585868875
3665,117.78247693789079
3666,117.06588829163387
3667,117.13859716356382
3668,116.39015559140563
3669,116.38663657398023
3670,119.2479609237766
3671,119.64502742060996
3672,121.20948739101961
3673,122.41404061671821
3674,125.28419260788678
3675,126.6652682134402
3676,127.27176110081675
3677,126.5079128755107
3678,129.10012214387658
3679,131.93392408625408
3680,132.57305413491085
3681,133.0841783278452
3682,134.5748001400343
3683,135.8189593127809
3684,138.54424435536575
3685,139.80192078254834
3686,140.8535782341111
3687,141.81027314352022
3688,140.54143438680788
3689,141.53451165712855
3690,140.40992029853953
3691,141.6206702349628
3692,142.3669741483586
3693,143.65760982815348
3694,144.83721811933748
3695,146.22090209841392
3696,147.32866439665455
3697,148.03617698229368
3698,144.0138905211726
3699,145.10146277266165
3700,146.4608178031859
3701,149.0180110016169
3702,152.32620195377015
3703,153.25167549897247
3704,152.4787750300373
3705,153.16634700407846
3706,154.2370812679776
3707,155.61804512585255
3708,157.05713249905614
3709,158.09497730671862
3710,153.4784747848416
3711,152.3534210925069
3712,153.88097866603405
3713,154.79631664310537
3714,156.1386747253526
3715,157.28645893117934
3716,158.43052123660155
3717,157.554712390361
3718,158.4513109976938
3719,158.72579105957138
3720,159.9463515260799
3721,160.47648640371534
3722,162.22940343107857
3723,163.5974632641366
3724,165.2930447200057
3725,166.94709192522924
3726,168.39967482087113
3727,169.59781304189084
3728,169.7182339118374
3729,171.1914528010784
3730,171.476548531973
3731,172.69822041938997
3732,171.92625646272054
3733,173.4766135737989
3734,173.44484522514745
3735,174.36888613345047
3736,175.66670355840267
3737,177.02537064542355
3738,178.42552275037775
3739,179.67097099257234
3740,181.06376137636818
3741,182.43108706443888
3742,183.28718323032732
3743,184.77526123989574
3744,185.81615287058113
3745,187.1905478970408
3746,188.30875176838683
3747,189.3032393715952
3748,184.9500238432098
3749,184.47826371836948
3750,185.50665075493026
3751,186.5173108326392
3752,187.56391401949946
3753,188.6291674516837
3754,189.7174898664558
3755,190.84129461354692
3756,192.9503268153655
3757,194.136666157544
3758,195.03094785062436
3759,196.35808284998814
3760,197.36904173192758
3761,198.77173410926585
3762,199.69654538727488
3763,200.58063182665626
